entity,code,year,oil_reserves_m3
Afghanistan,AFG,1980,0
Afghanistan,AFG,1981,0
Afghanistan,AFG,1982,0
Afghanistan,AFG,1983,0
Afghanistan,AFG,1984,0
Afghanistan,AFG,1985,0
Afghanistan,AFG,1986,0
Afghanistan,AFG,1987,0
Afghanistan,AFG,1988,0
Afghanistan,AFG,1989,0
Afghanistan,AFG,1990,0
Afghanistan,AFG,1991,0
Afghanistan,AFG,1992,0
Afghanistan,AFG,1993,0
Afghanistan,AFG,1994,0
Afghanistan,AFG,1995,0
Afghanistan,AFG,1996,0
Afghanistan,AFG,1997,0
Afghanistan,AFG,1998,0
Afghanistan,AFG,1999,0
Afghanistan,AFG,2000,0
Afghanistan,AFG,2001,0
Afghanistan,AFG,2002,0
Afghanistan,AFG,2003,0
Afghanistan,AFG,2004,0
Afghanistan,AFG,2005,0
Afghanistan,AFG,2006,0
Afghanistan,AFG,2007,0
Afghanistan,AFG,2008,0
Afghanistan,AFG,2009,0
Afghanistan,AFG,2010,0
Afghanistan,AFG,2011,0
Afghanistan,AFG,2012,0
Afghanistan,AFG,2013,0
Afghanistan,AFG,2014,0
Afghanistan,AFG,2015,0
Afghanistan,AFG,2016,0
Afghanistan,AFG,2017,0
Afghanistan,AFG,2018,0
Afghanistan,AFG,2019,0
Afghanistan,AFG,2020,0
Afghanistan,AFG,2021,0
Africa,OWID_AFR,1980,9115076000
Africa,OWID_AFR,1981,8779497000
Africa,OWID_AFR,1982,8843769000
Africa,OWID_AFR,1983,9061432000
Africa,OWID_AFR,1984,8974518000
Africa,OWID_AFR,1985,8858224000
Africa,OWID_AFR,1986,9031123000
Africa,OWID_AFR,1987,8775153000
Africa,OWID_AFR,1988,8782411000
Africa,OWID_AFR,1989,9075594000
Africa,OWID_AFR,1990,9354276000
Africa,OWID_AFR,1991,9522090000
Africa,OWID_AFR,1992,9616749000
Africa,OWID_AFR,1993,9836930000
Africa,OWID_AFR,1994,9851311000
Africa,OWID_AFR,1995,9992776000
Africa,OWID_AFR,1996,11630465000
Africa,OWID_AFR,1997,10740475000
Africa,OWID_AFR,1998,11139077000
Africa,OWID_AFR,1999,11994342000
Africa,OWID_AFR,2000,11906501000
Africa,OWID_AFR,2001,11906485000
Africa,OWID_AFR,2002,12192059000
Africa,OWID_AFR,2003,12354583000
Africa,OWID_AFR,2004,13882929000
Africa,OWID_AFR,2005,16086811000
Africa,OWID_AFR,2006,16377989000
Africa,OWID_AFR,2007,18190280000
Africa,OWID_AFR,2008,18311883000
Africa,OWID_AFR,2009,18675313000
Africa,OWID_AFR,2010,19001238000
Africa,OWID_AFR,2011,19715873000
Africa,OWID_AFR,2012,19811267000
Africa,OWID_AFR,2013,20479490000
Africa,OWID_AFR,2014,20349757000
Africa,OWID_AFR,2015,20332108000
Africa,OWID_AFR,2016,20238625000
Africa,OWID_AFR,2017,20213504000
Africa,OWID_AFR,2018,20342442000
Africa,OWID_AFR,2019,19916358000
Africa,OWID_AFR,2020,20006345000
Africa,OWID_AFR,2021,19917470000
Albania,ALB,1992,26232906
Albania,ALB,1993,26232906
Albania,ALB,1994,26232906
Albania,ALB,1995,26232906
Albania,ALB,1996,26232906
Albania,ALB,1997,26232906
Albania,ALB,1998,26232906
Albania,ALB,1999,26232906
Albania,ALB,2000,26232906
Albania,ALB,2001,26232906
Albania,ALB,2002,26232906
Albania,ALB,2003,26232906
Albania,ALB,2004,26232906
Albania,ALB,2005,26232906
Albania,ALB,2006,31500154
Albania,ALB,2007,31500154
Albania,ALB,2008,31660730
Albania,ALB,2009,31660730
Albania,ALB,2010,31660730
Albania,ALB,2011,31660730
Albania,ALB,2012,31660730
Albania,ALB,2013,27409410
Albania,ALB,2014,26762650
Albania,ALB,2015,26762650
Albania,ALB,2016,26762650
Albania,ALB,2017,26762650
Albania,ALB,2018,26762650
Albania,ALB,2019,26762650
Albania,ALB,2020,23848096
Albania,ALB,2021,23848096
Algeria,DZA,1980,1341852800
Algeria,DZA,1981,1303695900
Algeria,DZA,1982,1284617300
Algeria,DZA,1983,1500840100
Algeria,DZA,1984,1465862900
Algeria,DZA,1985,1430885800
Algeria,DZA,1986,1402267900
Algeria,DZA,1987,1399088300
Algeria,DZA,1988,1351392000
Algeria,DZA,1989,1335493200
Algeria,DZA,1990,1462683100
Algeria,DZA,1991,1462683100
Algeria,DZA,1992,1462683100
Algeria,DZA,1993,1462683100
Algeria,DZA,1994,1462683100
Algeria,DZA,1995,1462683100
Algeria,DZA,1996,1462683100
Algeria,DZA,1997,1462683100
Algeria,DZA,1998,1462683100
Algeria,DZA,1999,1462683100
Algeria,DZA,2000,1462683100
Algeria,DZA,2001,1462683100
Algeria,DZA,2002,1462683100
Algeria,DZA,2003,1462683100
Algeria,DZA,2004,1798782300
Algeria,DZA,2005,1876050200
Algeria,DZA,2006,1804505900
Algeria,DZA,2007,1950774300
Algeria,DZA,2008,1939645000
Algeria,DZA,2009,1939645000
Algeria,DZA,2010,1939645000
Algeria,DZA,2011,1939645000
Algeria,DZA,2012,1939645000
Algeria,DZA,2013,1939645000
Algeria,DZA,2014,1939645000
Algeria,DZA,2015,1939645000
Algeria,DZA,2016,1939645000
Algeria,DZA,2017,1939645000
Algeria,DZA,2018,1939645000
Algeria,DZA,2019,1939645000
Algeria,DZA,2020,1939645000
Algeria,DZA,2021,1939645000
American Samoa,ASM,1980,0
American Samoa,ASM,1981,0
American Samoa,ASM,1982,0
American Samoa,ASM,1983,0
American Samoa,ASM,1984,0
American Samoa,ASM,1985,0
American Samoa,ASM,1986,0
American Samoa,ASM,1987,0
American Samoa,ASM,1988,0
American Samoa,ASM,1989,0
American Samoa,ASM,1990,0
American Samoa,ASM,1991,0
American Samoa,ASM,1992,0
American Samoa,ASM,1993,0
American Samoa,ASM,1994,0
American Samoa,ASM,1995,0
American Samoa,ASM,1996,0
American Samoa,ASM,1997,0
American Samoa,ASM,1998,0
American Samoa,ASM,1999,0
American Samoa,ASM,2000,0
American Samoa,ASM,2001,0
American Samoa,ASM,2002,0
American Samoa,ASM,2003,0
American Samoa,ASM,2004,0
American Samoa,ASM,2005,0
American Samoa,ASM,2006,0
American Samoa,ASM,2007,0
American Samoa,ASM,2008,0
American Samoa,ASM,2009,0
American Samoa,ASM,2010,0
American Samoa,ASM,2011,0
American Samoa,ASM,2012,0
American Samoa,ASM,2013,0
American Samoa,ASM,2014,0
American Samoa,ASM,2015,0
American Samoa,ASM,2016,0
American Samoa,ASM,2017,0
American Samoa,ASM,2018,0
American Samoa,ASM,2019,0
American Samoa,ASM,2020,0
American Samoa,ASM,2021,0
Angola,AGO,1980,190784770
Angola,AGO,1981,190784770
Angola,AGO,1982,230531600
Angola,AGO,1983,259944240
Angola,AGO,1984,270278430
Angola,AGO,1985,286177120
Angola,AGO,1986,317974600
Angola,AGO,1987,182740000
Angola,AGO,1988,182676420
Angola,AGO,1989,321790270
Angola,AGO,1990,321790270
Angola,AGO,1991,329739650
Angola,AGO,1992,289066430
Angola,AGO,1993,238480940
Angola,AGO,1994,238480940
Angola,AGO,1995,860472960
Angola,AGO,1996,860472960
Angola,AGO,1997,860472960
Angola,AGO,1998,860439300
Angola,AGO,1999,860439300
Angola,AGO,2000,860439300
Angola,AGO,2001,860439300
Angola,AGO,2002,860439300
Angola,AGO,2003,860439300
Angola,AGO,2004,860439300
Angola,AGO,2005,860439300
Angola,AGO,2006,860439300
Angola,AGO,2007,1271898400
Angola,AGO,2008,1436450200
Angola,AGO,2009,1437245200
Angola,AGO,2010,1510379400
Angola,AGO,2011,1510379400
Angola,AGO,2012,1510379400
Angola,AGO,2013,1664597100
Angola,AGO,2014,1440425000
Angola,AGO,2015,1432634500
Angola,AGO,2016,1339150100
Angola,AGO,2017,1315301900
Angola,AGO,2018,1514036000
Angola,AGO,2019,1332949500
Angola,AGO,2020,1297336300
Angola,AGO,2021,1237398100
Antarctica,ATA,1980,0
Antarctica,ATA,1981,0
Antarctica,ATA,1982,0
Antarctica,ATA,1983,0
Antarctica,ATA,1984,0
Antarctica,ATA,1985,0
Antarctica,ATA,1986,0
Antarctica,ATA,1987,0
Antarctica,ATA,1988,0
Antarctica,ATA,1989,0
Antarctica,ATA,1990,0
Antarctica,ATA,1991,0
Antarctica,ATA,1992,0
Antarctica,ATA,1993,0
Antarctica,ATA,1994,0
Antarctica,ATA,1995,0
Antarctica,ATA,1996,0
Antarctica,ATA,1997,0
Antarctica,ATA,1998,0
Antarctica,ATA,1999,0
Antarctica,ATA,2000,0
Antarctica,ATA,2001,0
Antarctica,ATA,2002,0
Antarctica,ATA,2003,0
Antarctica,ATA,2004,0
Antarctica,ATA,2005,0
Antarctica,ATA,2006,0
Antarctica,ATA,2007,0
Antarctica,ATA,2008,0
Antarctica,ATA,2009,0
Antarctica,ATA,2010,0
Antarctica,ATA,2011,0
Antarctica,ATA,2012,0
Antarctica,ATA,2013,0
Antarctica,ATA,2014,0
Antarctica,ATA,2015,0
Antarctica,ATA,2016,0
Antarctica,ATA,2017,0
Antarctica,ATA,2018,0
Antarctica,ATA,2019,0
Antarctica,ATA,2020,0
Antarctica,ATA,2021,0
Antigua and Barbuda,ATG,1980,0
Antigua and Barbuda,ATG,1981,0
Antigua and Barbuda,ATG,1982,0
Antigua and Barbuda,ATG,1983,0
Antigua and Barbuda,ATG,1984,0
Antigua and Barbuda,ATG,1985,0
Antigua and Barbuda,ATG,1986,0
Antigua and Barbuda,ATG,1987,0
Antigua and Barbuda,ATG,1988,0
Antigua and Barbuda,ATG,1989,0
Antigua and Barbuda,ATG,1990,0
Antigua and Barbuda,ATG,1991,0
Antigua and Barbuda,ATG,1992,0
Antigua and Barbuda,ATG,1993,0
Antigua and Barbuda,ATG,1994,0
Antigua and Barbuda,ATG,1995,0
Antigua and Barbuda,ATG,1996,0
Antigua and Barbuda,ATG,1997,0
Antigua and Barbuda,ATG,1998,0
Antigua and Barbuda,ATG,1999,0
Antigua and Barbuda,ATG,2000,0
Antigua and Barbuda,ATG,2001,0
Antigua and Barbuda,ATG,2002,0
Antigua and Barbuda,ATG,2003,0
Antigua and Barbuda,ATG,2004,0
Antigua and Barbuda,ATG,2005,0
Antigua and Barbuda,ATG,2006,0
Antigua and Barbuda,ATG,2007,0
Antigua and Barbuda,ATG,2008,0
Antigua and Barbuda,ATG,2009,0
Antigua and Barbuda,ATG,2010,0
Antigua and Barbuda,ATG,2011,0
Antigua and Barbuda,ATG,2012,0
Antigua and Barbuda,ATG,2013,0
Antigua and Barbuda,ATG,2014,0
Antigua and Barbuda,ATG,2015,0
Antigua and Barbuda,ATG,2016,0
Antigua and Barbuda,ATG,2017,0
Antigua and Barbuda,ATG,2018,0
Antigua and Barbuda,ATG,2019,0
Antigua and Barbuda,ATG,2020,0
Antigua and Barbuda,ATG,2021,0
Argentina,ARG,1980,381569540
Argentina,ARG,1981,390631800
Argentina,ARG,1982,421316350
Argentina,ARG,1983,411777100
Argentina,ARG,1984,386132450
Argentina,ARG,1985,360265200
Argentina,ARG,1986,365670800
Argentina,ARG,1987,360901150
Argentina,ARG,1988,360901150
Argentina,ARG,1989,360583170
Argentina,ARG,1990,362475170
Argentina,ARG,1991,362491040
Argentina,ARG,1992,249608000
Argentina,ARG,1993,249608000
Argentina,ARG,1994,249608000
Argentina,ARG,1995,352441000
Argentina,ARG,1996,353889020
Argentina,ARG,1997,379401860
Argentina,ARG,1998,411490940
Argentina,ARG,1999,416733980
Argentina,ARG,2000,437758180
Argentina,ARG,2001,488281000
Argentina,ARG,2002,472780540
Argentina,ARG,2003,457673570
Argentina,ARG,2004,448423650
Argentina,ARG,2005,425211520
Argentina,ARG,2006,368922080
Argentina,ARG,2007,392380640
Argentina,ARG,2008,411260400
Argentina,ARG,2009,415910750
Argentina,ARG,2010,400695680
Argentina,ARG,2011,398212300
Argentina,ARG,2012,398212300
Argentina,ARG,2013,445998180
Argentina,ARG,2014,448344160
Argentina,ARG,2015,374288500
Argentina,ARG,2016,378342400
Argentina,ARG,2017,347316350
Argentina,ARG,2018,343763420
Argentina,ARG,2019,320639400
Argentina,ARG,2020,379795360
Argentina,ARG,2021,394718400
Armenia,ARM,1997,0
Armenia,ARM,1998,0
Armenia,ARM,1999,0
Armenia,ARM,2000,0
Armenia,ARM,2001,0
Armenia,ARM,2002,0
Armenia,ARM,2003,0
Armenia,ARM,2004,0
Armenia,ARM,2005,0
Armenia,ARM,2006,0
Armenia,ARM,2007,0
Armenia,ARM,2008,0
Armenia,ARM,2009,0
Armenia,ARM,2010,0
Armenia,ARM,2011,0
Armenia,ARM,2012,0
Armenia,ARM,2013,0
Armenia,ARM,2014,0
Armenia,ARM,2015,0
Armenia,ARM,2016,0
Armenia,ARM,2017,0
Armenia,ARM,2018,0
Armenia,ARM,2019,0
Armenia,ARM,2020,0
Armenia,ARM,2021,0
Aruba,ABW,1986,0
Aruba,ABW,1987,0
Aruba,ABW,1988,0
Aruba,ABW,1989,0
Aruba,ABW,1990,0
Aruba,ABW,1991,0
Aruba,ABW,1992,0
Aruba,ABW,1993,0
Aruba,ABW,1994,0
Aruba,ABW,1995,0
Aruba,ABW,1996,0
Aruba,ABW,1997,0
Aruba,ABW,1998,0
Aruba,ABW,1999,0
Aruba,ABW,2000,0
Aruba,ABW,2001,0
Aruba,ABW,2002,0
Aruba,ABW,2003,0
Aruba,ABW,2004,0
Aruba,ABW,2005,0
Aruba,ABW,2006,0
Aruba,ABW,2007,0
Aruba,ABW,2008,0
Aruba,ABW,2009,0
Aruba,ABW,2010,0
Aruba,ABW,2011,0
Aruba,ABW,2012,0
Aruba,ABW,2013,0
Aruba,ABW,2014,0
Aruba,ABW,2015,0
Aruba,ABW,2016,0
Aruba,ABW,2017,0
Aruba,ABW,2018,0
Aruba,ABW,2019,0
Aruba,ABW,2020,0
Aruba,ABW,2021,0
Asia,OWID_ASI,1980,63445870000
Asia,OWID_ASI,1981,63542215000
Asia,OWID_ASI,1982,63595870000
Asia,OWID_ASI,1983,64665840000
Asia,OWID_ASI,1984,64614700000
Asia,OWID_ASI,1985,69106810000
Asia,OWID_ASI,1986,68988880000
Asia,OWID_ASI,1987,69597880000
Asia,OWID_ASI,1988,95513530000
Asia,OWID_ASI,1989,97739260000
Asia,OWID_ASI,1990,112132290000
Asia,OWID_ASI,1991,113121810000
Asia,OWID_ASI,1992,111973250000
Asia,OWID_ASI,1993,112016190000
Asia,OWID_ASI,1994,112241300000
Asia,OWID_ASI,1995,111808620000
Asia,OWID_ASI,1996,111598330000
Asia,OWID_ASI,1997,115190006000
Asia,OWID_ASI,1998,115283340000
Asia,OWID_ASI,1999,114707980000
Asia,OWID_ASI,2000,115168300000
Asia,OWID_ASI,2001,116411980000
Asia,OWID_ASI,2002,116642890000
Asia,OWID_ASI,2003,117324930000
Asia,OWID_ASI,2004,123824570000
Asia,OWID_ASI,2005,124229010000
Asia,OWID_ASI,2006,125622860000
Asia,OWID_ASI,2007,128966650000
Asia,OWID_ASI,2008,129506820000
Asia,OWID_ASI,2009,129087530000
Asia,OWID_ASI,2010,131622620000
Asia,OWID_ASI,2011,131562290000
Asia,OWID_ASI,2012,138873210000
Asia,OWID_ASI,2013,139812680000
Asia,OWID_ASI,2014,140146200000
Asia,OWID_ASI,2015,140890010000
Asia,OWID_ASI,2016,140693320000
Asia,OWID_ASI,2017,140794400000
Asia,OWID_ASI,2018,141485560000
Asia,OWID_ASI,2019,141000200000
Asia,OWID_ASI,2020,140840120000
Asia,OWID_ASI,2021,147832030000
Australia,AUS,1980,338642980
Australia,AUS,1981,375210020
Australia,AUS,1982,271709280
Australia,AUS,1983,257889650
Australia,AUS,1984,252153860
Australia,AUS,1985,227494930
Australia,AUS,1986,230372590
Australia,AUS,1987,272313440
Australia,AUS,1988,269000160
Australia,AUS,1989,265999900
Australia,AUS,1990,266542200
Australia,AUS,1991,249000020
Australia,AUS,1992,242248940
Australia,AUS,1993,281073630
Australia,AUS,1994,256699940
Australia,AUS,1995,256719970
Australia,AUS,1996,248034500
Australia,AUS,1997,286205760
Australia,AUS,1998,286205760
Australia,AUS,1999,460268220
Australia,AUS,2000,460268220
Australia,AUS,2001,460268220
Australia,AUS,2002,556455550
Australia,AUS,2003,556455550
Australia,AUS,2004,556455550
Australia,AUS,2005,237050080
Australia,AUS,2006,228464750
Australia,AUS,2007,253074380
Australia,AUS,2008,238480940
Australia,AUS,2009,238480940
Australia,AUS,2010,527519870
Australia,AUS,2011,527519870
Australia,AUS,2012,226661840
Australia,AUS,2013,227868540
Australia,AUS,2014,227868540
Australia,AUS,2015,189671840
Australia,AUS,2016,189671840
Australia,AUS,2017,289515870
Australia,AUS,2018,388882940
Australia,AUS,2019,388882940
Australia,AUS,2020,388882940
Australia,AUS,2021,388882940
Austria,AUT,1980,22480804
Austria,AUT,1981,20668348
Austria,AUT,1982,21304298
Austria,AUT,1983,20382170
Austria,AUT,1984,19396450
Austria,AUT,1985,18839996
Austria,AUT,1986,17488602
Austria,AUT,1987,12130731
Austria,AUT,1988,16693666
Austria,AUT,1989,15898730
Austria,AUT,1990,10492684
Austria,AUT,1991,12948402
Austria,AUT,1992,13511376
Austria,AUT,1993,14817616
Austria,AUT,1994,15060866
Austria,AUT,1995,16025920
Austria,AUT,1996,16025920
Austria,AUT,1997,12160302
Austria,AUT,1998,14308858
Austria,AUT,1999,13850973
Austria,AUT,2000,13622032
Austria,AUT,2001,13622032
Austria,AUT,2002,13622032
Austria,AUT,2003,13622032
Austria,AUT,2004,9857212
Austria,AUT,2005,9857212
Austria,AUT,2006,9857212
Austria,AUT,2007,7949365
Austria,AUT,2008,7949365
Austria,AUT,2009,7949365
Austria,AUT,2010,7949365
Austria,AUT,2011,7949365
Austria,AUT,2012,7949365
Austria,AUT,2013,7424707
Austria,AUT,2014,7710884.5
Austria,AUT,2015,7551896.5
Austria,AUT,2016,7218023.5
Austria,AUT,2017,6836454
Austria,AUT,2018,6550277
Austria,AUT,2019,6041517
Austria,AUT,2020,5882530
Austria,AUT,2021,5596353
Azerbaijan,AZE,1997,187287040
Azerbaijan,AZE,1998,187287040
Azerbaijan,AZE,1999,187287040
Azerbaijan,AZE,2000,187287040
Azerbaijan,AZE,2001,187287040
Azerbaijan,AZE,2002,187287040
Azerbaijan,AZE,2003,1112911100
Azerbaijan,AZE,2004,1112911100
Azerbaijan,AZE,2005,1112911100
Azerbaijan,AZE,2006,1112911100
Azerbaijan,AZE,2007,1112911100
Azerbaijan,AZE,2008,1112911100
Azerbaijan,AZE,2009,1112911100
Azerbaijan,AZE,2010,1112911100
Azerbaijan,AZE,2011,1112911100
Azerbaijan,AZE,2012,1112911100
Azerbaijan,AZE,2013,1112911100
Azerbaijan,AZE,2014,1112911100
Azerbaijan,AZE,2015,1112911100
Azerbaijan,AZE,2016,1112911100
Azerbaijan,AZE,2017,1112911100
Azerbaijan,AZE,2018,1112911100
Azerbaijan,AZE,2019,1112911100
Azerbaijan,AZE,2020,1112911100
Azerbaijan,AZE,2021,1112911100
Bahamas,BHS,1980,0
Bahamas,BHS,1981,0
Bahamas,BHS,1982,0
Bahamas,BHS,1983,0
Bahamas,BHS,1984,0
Bahamas,BHS,1985,0
Bahamas,BHS,1986,0
Bahamas,BHS,1987,0
Bahamas,BHS,1988,0
Bahamas,BHS,1989,0
Bahamas,BHS,1990,0
Bahamas,BHS,1991,0
Bahamas,BHS,1992,0
Bahamas,BHS,1993,0
Bahamas,BHS,1994,0
Bahamas,BHS,1995,0
Bahamas,BHS,1996,0
Bahamas,BHS,1997,0
Bahamas,BHS,1998,0
Bahamas,BHS,1999,0
Bahamas,BHS,2000,0
Bahamas,BHS,2001,0
Bahamas,BHS,2002,0
Bahamas,BHS,2003,0
Bahamas,BHS,2004,0
Bahamas,BHS,2005,0
Bahamas,BHS,2006,0
Bahamas,BHS,2007,0
Bahamas,BHS,2008,0
Bahamas,BHS,2009,0
Bahamas,BHS,2010,0
Bahamas,BHS,2011,0
Bahamas,BHS,2012,0
Bahamas,BHS,2013,0
Bahamas,BHS,2014,0
Bahamas,BHS,2015,0
Bahamas,BHS,2016,0
Bahamas,BHS,2017,0
Bahamas,BHS,2018,0
Bahamas,BHS,2019,0
Bahamas,BHS,2020,0
Bahamas,BHS,2021,0
Bahrain,BHR,1980,38156950
Bahrain,BHR,1981,35772140
Bahrain,BHR,1982,33228346
Bahrain,BHR,1983,31320498
Bahrain,BHR,1984,29412650
Bahrain,BHR,1985,27027842
Bahrain,BHR,1986,24643032
Bahrain,BHR,1987,22258222
Bahrain,BHR,1988,22345666
Bahrain,BHR,1989,20032400
Bahrain,BHR,1990,17760154
Bahrain,BHR,1991,15494903
Bahrain,BHR,1992,13273850
Bahrain,BHR,1993,11062972
Bahrain,BHR,1994,11062972
Bahrain,BHR,1995,33387332
Bahrain,BHR,1996,33387332
Bahrain,BHR,1997,33387332
Bahrain,BHR,1998,33387332
Bahrain,BHR,1999,25437968
Bahrain,BHR,2000,23547610
Bahrain,BHR,2001,23547610
Bahrain,BHR,2002,19803458
Bahrain,BHR,2003,19803458
Bahrain,BHR,2004,19803458
Bahrain,BHR,2005,19803458
Bahrain,BHR,2006,19803458
Bahrain,BHR,2007,19803458
Bahrain,BHR,2008,19803458
Bahrain,BHR,2009,19803458
Bahrain,BHR,2010,19803458
Bahrain,BHR,2011,19803458
Bahrain,BHR,2012,19803458
Bahrain,BHR,2013,19803458
Bahrain,BHR,2014,19803458
Bahrain,BHR,2015,19803458
Bahrain,BHR,2016,19803458
Bahrain,BHR,2017,19803458
Bahrain,BHR,2018,19803458
Bahrain,BHR,2019,17170628
Bahrain,BHR,2020,15040198
Bahrain,BHR,2021,29651132
Bangladesh,BGD,1988,79493.66
Bangladesh,BGD,1989,79493.66
Bangladesh,BGD,1990,79493.66
Bangladesh,BGD,1991,79493.66
Bangladesh,BGD,1992,79493.66
Bangladesh,BGD,1993,238480.95
Bangladesh,BGD,1994,635949.25
Bangladesh,BGD,1995,635949.25
Bangladesh,BGD,1996,864731.94
Bangladesh,BGD,1997,864731.94
Bangladesh,BGD,1998,864731.94
Bangladesh,BGD,1999,9046695
Bangladesh,BGD,2000,9046695
Bangladesh,BGD,2001,9046695
Bangladesh,BGD,2002,9046695
Bangladesh,BGD,2003,9046377
Bangladesh,BGD,2004,8903289
Bangladesh,BGD,2005,8903289
Bangladesh,BGD,2006,4451644.5
Bangladesh,BGD,2007,4451644.5
Bangladesh,BGD,2008,4451644.5
Bangladesh,BGD,2009,4451644.5
Bangladesh,BGD,2010,4451644.5
Bangladesh,BGD,2011,4451644.5
Bangladesh,BGD,2012,4451644.5
Bangladesh,BGD,2013,4451644.5
Bangladesh,BGD,2014,4451644.5
Bangladesh,BGD,2015,4451644.5
Bangladesh,BGD,2016,4451644.5
Bangladesh,BGD,2017,4451644.5
Bangladesh,BGD,2018,4451644.5
Bangladesh,BGD,2019,4451644.5
Bangladesh,BGD,2020,4451644.5
Bangladesh,BGD,2021,4451644.5
Barbados,BRB,1980,238480.95
Barbados,BRB,1981,133072.38
Barbados,BRB,1982,71544.28
Barbados,BRB,1983,116060.734
Barbados,BRB,1984,95392.38
Barbados,BRB,1985,95392.38
Barbados,BRB,1986,63594.918
Barbados,BRB,1987,79493.66
Barbados,BRB,1988,575534.06
Barbados,BRB,1989,524658.06
Barbados,BRB,1990,507169.5
Barbados,BRB,1991,490157.84
Barbados,BRB,1992,530540.6
Barbados,BRB,1993,936753.2
Barbados,BRB,1994,556614.56
Barbados,BRB,1995,442620.66
Barbados,BRB,1996,403986.72
Barbados,BRB,1997,383318.38
Barbados,BRB,1998,374097.12
Barbados,BRB,1999,374097.12
Barbados,BRB,2000,501763.94
Barbados,BRB,2001,398740.16
Barbados,BRB,2002,398740.16
Barbados,BRB,2003,397468.25
Barbados,BRB,2004,398899.12
Barbados,BRB,2005,398899.12
Barbados,BRB,2006,397468.25
Barbados,BRB,2007,453431.78
Barbados,BRB,2008,349772.06
Barbados,BRB,2009,345161.44
Barbados,BRB,2010,284428.28
Barbados,BRB,2011,284428.28
Barbados,BRB,2012,359152.3
Barbados,BRB,2013,359152.3
Barbados,BRB,2014,451523.94
Barbados,BRB,2015,401601.9
Barbados,BRB,2016,368055.6
Barbados,BRB,2017,331011.56
Barbados,BRB,2018,402873.8
Barbados,BRB,2019,374574.1
Barbados,BRB,2020,337530.06
Barbados,BRB,2021,314476.88
Belarus,BLR,1997,31479486
Belarus,BLR,1998,31479486
Belarus,BLR,1999,31479486
Belarus,BLR,2000,31479486
Belarus,BLR,2001,31479486
Belarus,BLR,2002,31479486
Belarus,BLR,2003,31479486
Belarus,BLR,2004,31479486
Belarus,BLR,2005,31479486
Belarus,BLR,2006,31479486
Belarus,BLR,2007,31479486
Belarus,BLR,2008,31479486
Belarus,BLR,2009,31479486
Belarus,BLR,2010,31479486
Belarus,BLR,2011,31479486
Belarus,BLR,2012,31479486
Belarus,BLR,2013,31479486
Belarus,BLR,2014,31479486
Belarus,BLR,2015,31479486
Belarus,BLR,2016,31479486
Belarus,BLR,2017,31479486
Belarus,BLR,2018,31479486
Belarus,BLR,2019,31479486
Belarus,BLR,2020,31479486
Belarus,BLR,2021,31479486
Belgium,BEL,1980,0
Belgium,BEL,1981,0
Belgium,BEL,1982,0
Belgium,BEL,1983,0
Belgium,BEL,1984,0
Belgium,BEL,1985,0
Belgium,BEL,1986,0
Belgium,BEL,1987,0
Belgium,BEL,1988,0
Belgium,BEL,1989,0
Belgium,BEL,1990,0
Belgium,BEL,1991,0
Belgium,BEL,1992,0
Belgium,BEL,1993,0
Belgium,BEL,1994,0
Belgium,BEL,1995,0
Belgium,BEL,1996,0
Belgium,BEL,1997,0
Belgium,BEL,1998,0
Belgium,BEL,1999,0
Belgium,BEL,2000,0
Belgium,BEL,2001,0
Belgium,BEL,2002,0
Belgium,BEL,2003,0
Belgium,BEL,2004,0
Belgium,BEL,2005,0
Belgium,BEL,2006,0
Belgium,BEL,2007,0
Belgium,BEL,2008,0
Belgium,BEL,2009,0
Belgium,BEL,2010,0
Belgium,BEL,2011,0
Belgium,BEL,2012,0
Belgium,BEL,2013,0
Belgium,BEL,2014,0
Belgium,BEL,2015,0
Belgium,BEL,2016,0
Belgium,BEL,2017,0
Belgium,BEL,2018,0
Belgium,BEL,2019,0
Belgium,BEL,2020,0
Belgium,BEL,2021,0
Belize,BLZ,2007,1065214.9
Belize,BLZ,2008,1065214.9
Belize,BLZ,2009,1065214.9
Belize,BLZ,2010,1065214.9
Belize,BLZ,2011,1065214.9
Belize,BLZ,2012,1065214.9
Belize,BLZ,2013,1065214.9
Belize,BLZ,2014,1065214.9
Belize,BLZ,2015,1065214.9
Belize,BLZ,2016,1065214.9
Belize,BLZ,2017,1065214.9
Belize,BLZ,2018,1065214.9
Belize,BLZ,2019,1065214.9
Belize,BLZ,2020,1065214.9
Belize,BLZ,2021,1065214.9
Benin,BEN,1984,15898730
Benin,BEN,1985,15898730
Benin,BEN,1986,15898730
Benin,BEN,1987,15898730
Benin,BEN,1988,15898730
Benin,BEN,1989,15898730
Benin,BEN,1990,15898730
Benin,BEN,1991,15898730
Benin,BEN,1992,3163847.2
Benin,BEN,1993,3163847.2
Benin,BEN,1994,3163847.2
Benin,BEN,1995,4292657
Benin,BEN,1996,4594733
Benin,BEN,1997,4594733
Benin,BEN,1998,1305285.6
Benin,BEN,1999,1305285.6
Benin,BEN,2000,1305285.6
Benin,BEN,2001,1305285.6
Benin,BEN,2002,1305285.6
Benin,BEN,2003,1305285.6
Benin,BEN,2004,1305285.6
Benin,BEN,2005,1305285.6
Benin,BEN,2006,1305285.6
Benin,BEN,2007,1271898.5
Benin,BEN,2008,1271898.5
Benin,BEN,2009,1271898.5
Benin,BEN,2010,1271898.5
Benin,BEN,2011,1271898.5
Benin,BEN,2012,1271898.5
Benin,BEN,2013,1271898.5
Benin,BEN,2014,1271898.5
Benin,BEN,2015,1271898.5
Benin,BEN,2016,1271898.5
Benin,BEN,2017,1271898.5
Benin,BEN,2018,1271898.5
Benin,BEN,2019,1271898.5
Benin,BEN,2020,1271898.5
Benin,BEN,2021,1271898.5
Bermuda,BMU,1980,0
Bermuda,BMU,1981,0
Bermuda,BMU,1982,0
Bermuda,BMU,1983,0
Bermuda,BMU,1984,0
Bermuda,BMU,1985,0
Bermuda,BMU,1986,0
Bermuda,BMU,1987,0
Bermuda,BMU,1988,0
Bermuda,BMU,1989,0
Bermuda,BMU,1990,0
Bermuda,BMU,1991,0
Bermuda,BMU,1992,0
Bermuda,BMU,1993,0
Bermuda,BMU,1994,0
Bermuda,BMU,1995,0
Bermuda,BMU,1996,0
Bermuda,BMU,1997,0
Bermuda,BMU,1998,0
Bermuda,BMU,1999,0
Bermuda,BMU,2000,0
Bermuda,BMU,2001,0
Bermuda,BMU,2002,0
Bermuda,BMU,2003,0
Bermuda,BMU,2004,0
Bermuda,BMU,2005,0
Bermuda,BMU,2006,0
Bermuda,BMU,2007,0
Bermuda,BMU,2008,0
Bermuda,BMU,2009,0
Bermuda,BMU,2010,0
Bermuda,BMU,2011,0
Bermuda,BMU,2012,0
Bermuda,BMU,2013,0
Bermuda,BMU,2014,0
Bermuda,BMU,2015,0
Bermuda,BMU,2016,0
Bermuda,BMU,2017,0
Bermuda,BMU,2018,0
Bermuda,BMU,2019,0
Bermuda,BMU,2020,0
Bermuda,BMU,2021,0
Bhutan,BTN,1980,0
Bhutan,BTN,1981,0
Bhutan,BTN,1982,0
Bhutan,BTN,1983,0
Bhutan,BTN,1984,0
Bhutan,BTN,1985,0
Bhutan,BTN,1986,0
Bhutan,BTN,1987,0
Bhutan,BTN,1988,0
Bhutan,BTN,1989,0
Bhutan,BTN,1990,0
Bhutan,BTN,1991,0
Bhutan,BTN,1992,0
Bhutan,BTN,1993,0
Bhutan,BTN,1994,0
Bhutan,BTN,1995,0
Bhutan,BTN,1996,0
Bhutan,BTN,1997,0
Bhutan,BTN,1998,0
Bhutan,BTN,1999,0
Bhutan,BTN,2000,0
Bhutan,BTN,2001,0
Bhutan,BTN,2002,0
Bhutan,BTN,2003,0
Bhutan,BTN,2004,0
Bhutan,BTN,2005,0
Bhutan,BTN,2006,0
Bhutan,BTN,2007,0
Bhutan,BTN,2008,0
Bhutan,BTN,2009,0
Bhutan,BTN,2010,0
Bhutan,BTN,2011,0
Bhutan,BTN,2012,0
Bhutan,BTN,2013,0
Bhutan,BTN,2014,0
Bhutan,BTN,2015,0
Bhutan,BTN,2016,0
Bhutan,BTN,2017,0
Bhutan,BTN,2018,0
Bhutan,BTN,2019,0
Bhutan,BTN,2020,0
Bhutan,BTN,2021,0
Bolivia,BOL,1980,23848096
Bolivia,BOL,1981,17806578
Bolivia,BOL,1982,16534680
Bolivia,BOL,1983,28617716
Bolivia,BOL,1984,25517462
Bolivia,BOL,1985,25119994
Bolivia,BOL,1986,24484044
Bolivia,BOL,1987,23689108
Bolivia,BOL,1988,24802020
Bolivia,BOL,1989,28013562
Bolivia,BOL,1990,28935688
Bolivia,BOL,1991,18948424
Bolivia,BOL,1992,18919490
Bolivia,BOL,1993,17828200
Bolivia,BOL,1994,17232952
Bolivia,BOL,1995,22079202
Bolivia,BOL,1996,22079202
Bolivia,BOL,1997,20975354
Bolivia,BOL,1998,20975354
Bolivia,BOL,1999,20975354
Bolivia,BOL,2000,20975354
Bolivia,BOL,2001,63038464
Bolivia,BOL,2002,70033900
Bolivia,BOL,2003,70033900
Bolivia,BOL,2004,70033900
Bolivia,BOL,2005,70033900
Bolivia,BOL,2006,70033900
Bolivia,BOL,2007,69954410
Bolivia,BOL,2008,73929096
Bolivia,BOL,2009,73929096
Bolivia,BOL,2010,73929096
Bolivia,BOL,2011,73929096
Bolivia,BOL,2012,33355536
Bolivia,BOL,2013,33355536
Bolivia,BOL,2014,33355536
Bolivia,BOL,2015,33617864
Bolivia,BOL,2016,33617864
Bolivia,BOL,2017,33617864
Bolivia,BOL,2018,33617864
Bolivia,BOL,2019,33617864
Bolivia,BOL,2020,38300040
Bolivia,BOL,2021,38300040
Bosnia and Herzegovina,BIH,1993,0
Bosnia and Herzegovina,BIH,1994,0
Bosnia and Herzegovina,BIH,1995,0
Bosnia and Herzegovina,BIH,1996,0
Bosnia and Herzegovina,BIH,1997,0
Bosnia and Herzegovina,BIH,1998,0
Bosnia and Herzegovina,BIH,1999,0
Bosnia and Herzegovina,BIH,2000,0
Bosnia and Herzegovina,BIH,2001,0
Bosnia and Herzegovina,BIH,2002,0
Bosnia and Herzegovina,BIH,2003,0
Bosnia and Herzegovina,BIH,2004,0
Bosnia and Herzegovina,BIH,2005,0
Bosnia and Herzegovina,BIH,2006,0
Bosnia and Herzegovina,BIH,2007,0
Bosnia and Herzegovina,BIH,2008,0
Bosnia and Herzegovina,BIH,2009,0
Bosnia and Herzegovina,BIH,2010,0
Bosnia and Herzegovina,BIH,2011,0
Bosnia and Herzegovina,BIH,2012,0
Bosnia and Herzegovina,BIH,2013,0
Bosnia and Herzegovina,BIH,2014,0
Bosnia and Herzegovina,BIH,2015,0
Bosnia and Herzegovina,BIH,2016,0
Bosnia and Herzegovina,BIH,2017,0
Bosnia and Herzegovina,BIH,2018,0
Bosnia and Herzegovina,BIH,2019,0
Bosnia and Herzegovina,BIH,2020,0
Bosnia and Herzegovina,BIH,2021,0
Botswana,BWA,1980,0
Botswana,BWA,1981,0
Botswana,BWA,1982,0
Botswana,BWA,1983,0
Botswana,BWA,1984,0
Botswana,BWA,1985,0
Botswana,BWA,1986,0
Botswana,BWA,1987,0
Botswana,BWA,1988,0
Botswana,BWA,1989,0
Botswana,BWA,1990,0
Botswana,BWA,1991,0
Botswana,BWA,1992,0
Botswana,BWA,1993,0
Botswana,BWA,1994,0
Botswana,BWA,1995,0
Botswana,BWA,1996,0
Botswana,BWA,1997,0
Botswana,BWA,1998,0
Botswana,BWA,1999,0
Botswana,BWA,2000,0
Botswana,BWA,2001,0
Botswana,BWA,2002,0
Botswana,BWA,2003,0
Botswana,BWA,2004,0
Botswana,BWA,2005,0
Botswana,BWA,2006,0
Botswana,BWA,2007,0
Botswana,BWA,2008,0
Botswana,BWA,2009,0
Botswana,BWA,2010,0
Botswana,BWA,2011,0
Botswana,BWA,2012,0
Botswana,BWA,2013,0
Botswana,BWA,2014,0
Botswana,BWA,2015,0
Botswana,BWA,2016,0
Botswana,BWA,2017,0
Botswana,BWA,2018,0
Botswana,BWA,2019,0
Botswana,BWA,2020,0
Botswana,BWA,2021,0
Brazil,BRA,1980,193964510
Brazil,BRA,1981,206683490
Brazil,BRA,1982,210667710
Brazil,BRA,1983,278227780
Brazil,BRA,1984,286177120
Brazil,BRA,1985,314158900
Brazil,BRA,1986,329103700
Brazil,BRA,1987,357721440
Brazil,BRA,1988,372030270
Brazil,BRA,1989,405417600
Brazil,BRA,1990,447708220
Brazil,BRA,1991,451523900
Brazil,BRA,1992,445219940
Brazil,BRA,1993,481731520
Brazil,BRA,1994,572354240
Brazil,BRA,1995,603674750
Brazil,BRA,1996,667746600
Brazil,BRA,1997,763139100
Brazil,BRA,1998,763139100
Brazil,BRA,1999,1129795000
Brazil,BRA,2000,1169745300
Brazil,BRA,2001,1287797200
Brazil,BRA,2002,1345786800
Brazil,BRA,2003,1323044600
Brazil,BRA,2004,1351392000
Brazil,BRA,2005,1685265400
Brazil,BRA,2006,1787542000
Brazil,BRA,2007,1871700200
Brazil,BRA,2008,1936722800
Brazil,BRA,2009,2007039900
Brazil,BRA,2010,2035276000
Brazil,BRA,2011,2044099700
Brazil,BRA,2012,2223709200
Brazil,BRA,2013,2091350700
Brazil,BRA,2014,2392743000
Brazil,BRA,2015,2471362300
Brazil,BRA,2016,2573066200
Brazil,BRA,2017,2066803100
Brazil,BRA,2018,2008597900
Brazil,BRA,2019,2040611600
Brazil,BRA,2020,2136042100
Brazil,BRA,2021,2021459800
British Virgin Islands,VGB,1980,0
British Virgin Islands,VGB,1981,0
British Virgin Islands,VGB,1982,0
British Virgin Islands,VGB,1983,0
British Virgin Islands,VGB,1984,0
British Virgin Islands,VGB,1985,0
British Virgin Islands,VGB,1986,0
British Virgin Islands,VGB,1987,0
British Virgin Islands,VGB,1988,0
British Virgin Islands,VGB,1989,0
British Virgin Islands,VGB,1990,0
British Virgin Islands,VGB,1991,0
British Virgin Islands,VGB,1992,0
British Virgin Islands,VGB,1993,0
British Virgin Islands,VGB,1994,0
British Virgin Islands,VGB,1995,0
British Virgin Islands,VGB,1996,0
British Virgin Islands,VGB,1997,0
British Virgin Islands,VGB,1998,0
British Virgin Islands,VGB,1999,0
British Virgin Islands,VGB,2000,0
British Virgin Islands,VGB,2001,0
British Virgin Islands,VGB,2002,0
British Virgin Islands,VGB,2003,0
British Virgin Islands,VGB,2004,0
British Virgin Islands,VGB,2005,0
British Virgin Islands,VGB,2006,0
British Virgin Islands,VGB,2007,0
British Virgin Islands,VGB,2008,0
British Virgin Islands,VGB,2009,0
British Virgin Islands,VGB,2010,0
British Virgin Islands,VGB,2011,0
British Virgin Islands,VGB,2012,0
British Virgin Islands,VGB,2013,0
British Virgin Islands,VGB,2014,0
British Virgin Islands,VGB,2015,0
British Virgin Islands,VGB,2016,0
British Virgin Islands,VGB,2017,0
British Virgin Islands,VGB,2018,0
British Virgin Islands,VGB,2019,0
British Virgin Islands,VGB,2020,0
British Virgin Islands,VGB,2021,0
Brunei,BRN,1980,286177120
Brunei,BRN,1981,271868300
Brunei,BRN,1982,259149300
Brunei,BRN,1983,197144260
Brunei,BRN,1984,220992350
Brunei,BRN,1985,222582220
Brunei,BRN,1986,235301200
Brunei,BRN,1987,225905060
Brunei,BRN,1988,225761950
Brunei,BRN,1989,222582220
Brunei,BRN,1990,218607540
Brunei,BRN,1991,214632860
Brunei,BRN,1992,214632860
Brunei,BRN,1993,214632860
Brunei,BRN,1994,214632860
Brunei,BRN,1995,214632860
Brunei,BRN,1996,214632860
Brunei,BRN,1997,214632860
Brunei,BRN,1998,214632860
Brunei,BRN,1999,214632860
Brunei,BRN,2000,214632860
Brunei,BRN,2001,214632860
Brunei,BRN,2002,214632860
Brunei,BRN,2003,214632860
Brunei,BRN,2004,214632860
Brunei,BRN,2005,214632860
Brunei,BRN,2006,214632860
Brunei,BRN,2007,174886030
Brunei,BRN,2008,174886030
Brunei,BRN,2009,174886030
Brunei,BRN,2010,174886030
Brunei,BRN,2011,174886030
Brunei,BRN,2012,174886030
Brunei,BRN,2013,174886030
Brunei,BRN,2014,174886030
Brunei,BRN,2015,174886030
Brunei,BRN,2016,174886030
Brunei,BRN,2017,174886030
Brunei,BRN,2018,174886030
Brunei,BRN,2019,174886030
Brunei,BRN,2020,174886030
Brunei,BRN,2021,174886030
Bulgaria,BGR,1992,2384809.5
Bulgaria,BGR,1993,2384809.5
Bulgaria,BGR,1994,2384809.5
Bulgaria,BGR,1995,2384809.5
Bulgaria,BGR,1996,2384809.5
Bulgaria,BGR,1997,2384809.5
Bulgaria,BGR,1998,2384809.5
Bulgaria,BGR,1999,2384809.5
Bulgaria,BGR,2000,2384809.5
Bulgaria,BGR,2001,2384809.5
Bulgaria,BGR,2002,2384809.5
Bulgaria,BGR,2003,2384809.5
Bulgaria,BGR,2004,2384809.5
Bulgaria,BGR,2005,2384809.5
Bulgaria,BGR,2006,2384809.5
Bulgaria,BGR,2007,2384809.5
Bulgaria,BGR,2008,2384809.5
Bulgaria,BGR,2009,2384809.5
Bulgaria,BGR,2010,2384809.5
Bulgaria,BGR,2011,2384809.5
Bulgaria,BGR,2012,2384809.5
Bulgaria,BGR,2013,2384809.5
Bulgaria,BGR,2014,2384809.5
Bulgaria,BGR,2015,2384809.5
Bulgaria,BGR,2016,2384809.5
Bulgaria,BGR,2017,2384809.5
Bulgaria,BGR,2018,2384809.5
Bulgaria,BGR,2019,2384809.5
Bulgaria,BGR,2020,2384809.5
Bulgaria,BGR,2021,2384809.5
Burkina Faso,BFA,1980,0
Burkina Faso,BFA,1981,0
Burkina Faso,BFA,1982,0
Burkina Faso,BFA,1983,0
Burkina Faso,BFA,1984,0
Burkina Faso,BFA,1985,0
Burkina Faso,BFA,1986,0
Burkina Faso,BFA,1987,0
Burkina Faso,BFA,1988,0
Burkina Faso,BFA,1989,0
Burkina Faso,BFA,1990,0
Burkina Faso,BFA,1991,0
Burkina Faso,BFA,1992,0
Burkina Faso,BFA,1993,0
Burkina Faso,BFA,1994,0
Burkina Faso,BFA,1995,0
Burkina Faso,BFA,1996,0
Burkina Faso,BFA,1997,0
Burkina Faso,BFA,1998,0
Burkina Faso,BFA,1999,0
Burkina Faso,BFA,2000,0
Burkina Faso,BFA,2001,0
Burkina Faso,BFA,2002,0
Burkina Faso,BFA,2003,0
Burkina Faso,BFA,2004,0
Burkina Faso,BFA,2005,0
Burkina Faso,BFA,2006,0
Burkina Faso,BFA,2007,0
Burkina Faso,BFA,2008,0
Burkina Faso,BFA,2009,0
Burkina Faso,BFA,2010,0
Burkina Faso,BFA,2011,0
Burkina Faso,BFA,2012,0
Burkina Faso,BFA,2013,0
Burkina Faso,BFA,2014,0
Burkina Faso,BFA,2015,0
Burkina Faso,BFA,2016,0
Burkina Faso,BFA,2017,0
Burkina Faso,BFA,2018,0
Burkina Faso,BFA,2019,0
Burkina Faso,BFA,2020,0
Burkina Faso,BFA,2021,0
Burundi,BDI,1980,0
Burundi,BDI,1981,0
Burundi,BDI,1982,0
Burundi,BDI,1983,0
Burundi,BDI,1984,0
Burundi,BDI,1985,0
Burundi,BDI,1986,0
Burundi,BDI,1987,0
Burundi,BDI,1988,0
Burundi,BDI,1989,0
Burundi,BDI,1990,0
Burundi,BDI,1991,0
Burundi,BDI,1992,0
Burundi,BDI,1993,0
Burundi,BDI,1994,0
Burundi,BDI,1995,0
Burundi,BDI,1996,0
Burundi,BDI,1997,0
Burundi,BDI,1998,0
Burundi,BDI,1999,0
Burundi,BDI,2000,0
Burundi,BDI,2001,0
Burundi,BDI,2002,0
Burundi,BDI,2003,0
Burundi,BDI,2004,0
Burundi,BDI,2005,0
Burundi,BDI,2006,0
Burundi,BDI,2007,0
Burundi,BDI,2008,0
Burundi,BDI,2009,0
Burundi,BDI,2010,0
Burundi,BDI,2011,0
Burundi,BDI,2012,0
Burundi,BDI,2013,0
Burundi,BDI,2014,0
Burundi,BDI,2015,0
Burundi,BDI,2016,0
Burundi,BDI,2017,0
Burundi,BDI,2018,0
Burundi,BDI,2019,0
Burundi,BDI,2020,0
Burundi,BDI,2021,0
Cambodia,KHM,1980,0
Cambodia,KHM,1981,0
Cambodia,KHM,1982,0
Cambodia,KHM,1983,0
Cambodia,KHM,1984,0
Cambodia,KHM,1985,0
Cambodia,KHM,1986,0
Cambodia,KHM,1987,0
Cambodia,KHM,1988,0
Cambodia,KHM,1989,0
Cambodia,KHM,1990,0
Cambodia,KHM,1991,0
Cambodia,KHM,1992,0
Cambodia,KHM,1993,0
Cambodia,KHM,1994,0
Cambodia,KHM,1995,0
Cambodia,KHM,1996,0
Cambodia,KHM,1997,0
Cambodia,KHM,1998,0
Cambodia,KHM,1999,0
Cambodia,KHM,2000,0
Cambodia,KHM,2001,0
Cambodia,KHM,2002,0
Cambodia,KHM,2003,0
Cambodia,KHM,2004,0
Cambodia,KHM,2005,0
Cambodia,KHM,2006,0
Cambodia,KHM,2007,0
Cambodia,KHM,2008,0
Cambodia,KHM,2009,0
Cambodia,KHM,2010,0
Cambodia,KHM,2011,0
Cambodia,KHM,2012,0
Cambodia,KHM,2013,0
Cambodia,KHM,2014,0
Cambodia,KHM,2015,0
Cambodia,KHM,2016,0
Cambodia,KHM,2017,0
Cambodia,KHM,2018,0
Cambodia,KHM,2019,0
Cambodia,KHM,2020,0
Cambodia,KHM,2021,0
Cameroon,CMR,1980,22258222
Cameroon,CMR,1981,31797460
Cameroon,CMR,1982,76313900
Cameroon,CMR,1983,84263260
Cameroon,CMR,1984,82673390
Cameroon,CMR,1985,87443016
Cameroon,CMR,1986,88237950
Cameroon,CMR,1987,85853144
Cameroon,CMR,1988,82673390
Cameroon,CMR,1989,63594920
Cameroon,CMR,1990,63594920
Cameroon,CMR,1991,63594920
Cameroon,CMR,1992,63594920
Cameroon,CMR,1993,63594920
Cameroon,CMR,1994,63594920
Cameroon,CMR,1995,63594920
Cameroon,CMR,1996,63594920
Cameroon,CMR,1997,63594920
Cameroon,CMR,1998,63594920
Cameroon,CMR,1999,63594920
Cameroon,CMR,2000,63594920
Cameroon,CMR,2001,63594920
Cameroon,CMR,2002,63594920
Cameroon,CMR,2003,63594920
Cameroon,CMR,2004,63594920
Cameroon,CMR,2005,63594920
Cameroon,CMR,2006,63594920
Cameroon,CMR,2007,63594920
Cameroon,CMR,2008,31797460
Cameroon,CMR,2009,31797460
Cameroon,CMR,2010,31797460
Cameroon,CMR,2011,31797460
Cameroon,CMR,2012,31797460
Cameroon,CMR,2013,31797460
Cameroon,CMR,2014,31797460
Cameroon,CMR,2015,31797460
Cameroon,CMR,2016,31797460
Cameroon,CMR,2017,31797460
Cameroon,CMR,2018,31797460
Cameroon,CMR,2019,31797460
Cameroon,CMR,2020,31797460
Cameroon,CMR,2021,31797460
Canada,CAN,1980,1081113700
Canada,CAN,1981,1017518700
Canada,CAN,1982,1160607400
Canada,CAN,1983,1116090900
Canada,CAN,1984,1069984500
Canada,CAN,1985,1124835100
Canada,CAN,1986,1033417500
Canada,CAN,1987,1089063000
Canada,CAN,1988,1085088300
Canada,CAN,1989,1078810500
Canada,CAN,1990,975147800
Canada,CAN,1991,919415400
Canada,CAN,1992,888388900
Canada,CAN,1993,841301950
Canada,CAN,1994,810127900
Canada,CAN,1995,800975500
Canada,CAN,1996,778792900
Canada,CAN,1997,778026940
Canada,CAN,1998,769369600
Canada,CAN,1999,783938900
Canada,CAN,2000,783938900
Canada,CAN,2001,748210750
Canada,CAN,2002,772360260
Canada,CAN,2003,28621052000
Canada,CAN,2004,28441717000
Canada,CAN,2005,28426930000
Canada,CAN,2006,28425722000
Canada,CAN,2007,28492116000
Canada,CAN,2008,28393860000
Canada,CAN,2009,28314366000
Canada,CAN,2010,27856802000
Canada,CAN,2011,27856802000
Canada,CAN,2012,27604206000
Canada,CAN,2013,27521528000
Canada,CAN,2014,27536600000
Canada,CAN,2015,27422271000
Canada,CAN,2016,27165049000
Canada,CAN,2017,26981528000
Canada,CAN,2018,27113693000
Canada,CAN,2019,26614682000
Canada,CAN,2020,27005900000
Canada,CAN,2021,27075537000
Cape Verde,CPV,1980,0
Cape Verde,CPV,1981,0
Cape Verde,CPV,1982,0
Cape Verde,CPV,1983,0
Cape Verde,CPV,1984,0
Cape Verde,CPV,1985,0
Cape Verde,CPV,1986,0
Cape Verde,CPV,1987,0
Cape Verde,CPV,1988,0
Cape Verde,CPV,1989,0
Cape Verde,CPV,1990,0
Cape Verde,CPV,1991,0
Cape Verde,CPV,1992,0
Cape Verde,CPV,1993,0
Cape Verde,CPV,1994,0
Cape Verde,CPV,1995,0
Cape Verde,CPV,1996,0
Cape Verde,CPV,1997,0
Cape Verde,CPV,1998,0
Cape Verde,CPV,1999,0
Cape Verde,CPV,2000,0
Cape Verde,CPV,2001,0
Cape Verde,CPV,2002,0
Cape Verde,CPV,2003,0
Cape Verde,CPV,2004,0
Cape Verde,CPV,2005,0
Cape Verde,CPV,2006,0
Cape Verde,CPV,2007,0
Cape Verde,CPV,2008,0
Cape Verde,CPV,2009,0
Cape Verde,CPV,2010,0
Cape Verde,CPV,2011,0
Cape Verde,CPV,2012,0
Cape Verde,CPV,2013,0
Cape Verde,CPV,2014,0
Cape Verde,CPV,2015,0
Cape Verde,CPV,2016,0
Cape Verde,CPV,2017,0
Cape Verde,CPV,2018,0
Cape Verde,CPV,2019,0
Cape Verde,CPV,2020,0
Cape Verde,CPV,2021,0
Cayman Islands,CYM,1980,0
Cayman Islands,CYM,1981,0
Cayman Islands,CYM,1982,0
Cayman Islands,CYM,1983,0
Cayman Islands,CYM,1984,0
Cayman Islands,CYM,1985,0
Cayman Islands,CYM,1986,0
Cayman Islands,CYM,1987,0
Cayman Islands,CYM,1988,0
Cayman Islands,CYM,1989,0
Cayman Islands,CYM,1990,0
Cayman Islands,CYM,1991,0
Cayman Islands,CYM,1992,0
Cayman Islands,CYM,1993,0
Cayman Islands,CYM,1994,0
Cayman Islands,CYM,1995,0
Cayman Islands,CYM,1996,0
Cayman Islands,CYM,1997,0
Cayman Islands,CYM,1998,0
Cayman Islands,CYM,1999,0
Cayman Islands,CYM,2000,0
Cayman Islands,CYM,2001,0
Cayman Islands,CYM,2002,0
Cayman Islands,CYM,2003,0
Cayman Islands,CYM,2004,0
Cayman Islands,CYM,2005,0
Cayman Islands,CYM,2006,0
Cayman Islands,CYM,2007,0
Cayman Islands,CYM,2008,0
Cayman Islands,CYM,2009,0
Cayman Islands,CYM,2010,0
Cayman Islands,CYM,2011,0
Cayman Islands,CYM,2012,0
Cayman Islands,CYM,2013,0
Cayman Islands,CYM,2014,0
Cayman Islands,CYM,2015,0
Cayman Islands,CYM,2016,0
Cayman Islands,CYM,2017,0
Cayman Islands,CYM,2018,0
Cayman Islands,CYM,2019,0
Cayman Islands,CYM,2020,0
Cayman Islands,CYM,2021,0
Central African Republic,CAF,1980,0
Central African Republic,CAF,1981,0
Central African Republic,CAF,1982,0
Central African Republic,CAF,1983,0
Central African Republic,CAF,1984,0
Central African Republic,CAF,1985,0
Central African Republic,CAF,1986,0
Central African Republic,CAF,1987,0
Central African Republic,CAF,1988,0
Central African Republic,CAF,1989,0
Central African Republic,CAF,1990,0
Central African Republic,CAF,1991,0
Central African Republic,CAF,1992,0
Central African Republic,CAF,1993,0
Central African Republic,CAF,1994,0
Central African Republic,CAF,1995,0
Central African Republic,CAF,1996,0
Central African Republic,CAF,1997,0
Central African Republic,CAF,1998,0
Central African Republic,CAF,1999,0
Central African Republic,CAF,2000,0
Central African Republic,CAF,2001,0
Central African Republic,CAF,2002,0
Central African Republic,CAF,2003,0
Central African Republic,CAF,2004,0
Central African Republic,CAF,2005,0
Central African Republic,CAF,2006,0
Central African Republic,CAF,2007,0
Central African Republic,CAF,2008,0
Central African Republic,CAF,2009,0
Central African Republic,CAF,2010,0
Central African Republic,CAF,2011,0
Central African Republic,CAF,2012,0
Central African Republic,CAF,2013,0
Central African Republic,CAF,2014,0
Central African Republic,CAF,2015,0
Central African Republic,CAF,2016,0
Central African Republic,CAF,2017,0
Central African Republic,CAF,2018,0
Central African Republic,CAF,2019,0
Central African Republic,CAF,2020,0
Central African Republic,CAF,2021,0
Chad,TCD,2006,238480940
Chad,TCD,2007,238480940
Chad,TCD,2008,238480940
Chad,TCD,2009,238480940
Chad,TCD,2010,238480940
Chad,TCD,2011,238480940
Chad,TCD,2012,238480940
Chad,TCD,2013,238480940
Chad,TCD,2014,238480940
Chad,TCD,2015,238480940
Chad,TCD,2016,238480940
Chad,TCD,2017,238480940
Chad,TCD,2018,238480940
Chad,TCD,2019,238480940
Chad,TCD,2020,238480940
Chad,TCD,2021,238480940
Chile,CHL,1980,63594920
Chile,CHL,1981,63594920
Chile,CHL,1982,125599970
Chile,CHL,1983,120830344
Chile,CHL,1984,118922504
Chile,CHL,1985,117014660
Chile,CHL,1986,115424780
Chile,CHL,1987,46106316
Chile,CHL,1988,46106316
Chile,CHL,1989,45629356
Chile,CHL,1990,47696190
Chile,CHL,1991,47696190
Chile,CHL,1992,47696190
Chile,CHL,1993,47696190
Chile,CHL,1994,47696190
Chile,CHL,1995,47696190
Chile,CHL,1996,47696190
Chile,CHL,1997,47696190
Chile,CHL,1998,23848096
Chile,CHL,1999,23848096
Chile,CHL,2000,23848096
Chile,CHL,2001,23848096
Chile,CHL,2002,23848096
Chile,CHL,2003,23848096
Chile,CHL,2004,23848096
Chile,CHL,2005,23848096
Chile,CHL,2006,23848096
Chile,CHL,2007,23848096
Chile,CHL,2008,23848096
Chile,CHL,2009,23848096
Chile,CHL,2010,23848096
Chile,CHL,2011,23848096
Chile,CHL,2012,23848096
Chile,CHL,2013,23848096
Chile,CHL,2014,23848096
Chile,CHL,2015,23848096
Chile,CHL,2016,23848096
Chile,CHL,2017,23848096
Chile,CHL,2018,23848096
Chile,CHL,2019,23848096
Chile,CHL,2020,23848096
Chile,CHL,2021,23848096
China,CHN,1980,3179746000
China,CHN,1981,3259239700
China,CHN,1982,3163052300
China,CHN,1983,3097867500
China,CHN,1984,3036657400
China,CHN,1985,3036657400
China,CHN,1986,2928546000
China,CHN,1987,2925366300
China,CHN,1988,2925366300
China,CHN,1989,3744150800
China,CHN,1990,3815695000
China,CHN,1991,3815695000
China,CHN,1992,3815695000
China,CHN,1993,3815695000
China,CHN,1994,3815695000
China,CHN,1995,3815695000
China,CHN,1996,3815695000
China,CHN,1997,3815695000
China,CHN,1998,3815695000
China,CHN,1999,3815695000
China,CHN,2000,3815695000
China,CHN,2001,3815695000
China,CHN,2002,3815695000
China,CHN,2003,2901518300
China,CHN,2004,2901518300
China,CHN,2005,2901518300
China,CHN,2006,2901518300
China,CHN,2007,2543796700
China,CHN,2008,2543796700
China,CHN,2009,2543796700
China,CHN,2010,3235391500
China,CHN,2011,3235391500
China,CHN,2012,3235391500
China,CHN,2013,3770670000
China,CHN,2014,3875411000
China,CHN,2015,3918852900
China,CHN,2016,3995688200
China,CHN,2017,4073254700
China,CHN,2018,4074418400
China,CHN,2019,4122133800
China,CHN,2020,4158211000
China,CHN,2021,4137262800
Colombia,COL,1980,112880980
Colombia,COL,1981,127189840
Colombia,COL,1982,82108990
Colombia,COL,1983,85217190
Colombia,COL,1984,89032890
Colombia,COL,1985,99208080
Colombia,COL,1986,194600450
Colombia,COL,1987,205173120
Colombia,COL,1988,252789810
Colombia,COL,1989,322426270
Colombia,COL,1990,327513820
Colombia,COL,1991,317974600
Colombia,COL,1992,307672220
Colombia,COL,1993,307672220
Colombia,COL,1994,307672220
Colombia,COL,1995,539450900
Colombia,COL,1996,556455550
Colombia,COL,1997,445164450
Colombia,COL,1998,445164450
Colombia,COL,1999,409742050
Colombia,COL,2000,409742050
Colombia,COL,2001,313522940
Colombia,COL,2002,278227780
Colombia,COL,2003,292900700
Colombia,COL,2004,292900700
Colombia,COL,2005,245158430
Colombia,COL,2006,245158430
Colombia,COL,2007,231008540
Colombia,COL,2008,239434880
Colombia,COL,2009,215427790
Colombia,COL,2010,215427790
Colombia,COL,2011,302075870
Colombia,COL,2012,316003170
Colombia,COL,2013,349772060
Colombia,COL,2014,377912830
Colombia,COL,2015,388723940
Colombia,COL,2016,366942700
Colombia,COL,2017,318292580
Colombia,COL,2018,264791760
Colombia,COL,2019,283348450
Colombia,COL,2020,311615100
Colombia,COL,2021,323698140
Comoros,COM,1980,0
Comoros,COM,1981,0
Comoros,COM,1982,0
Comoros,COM,1983,0
Comoros,COM,1984,0
Comoros,COM,1985,0
Comoros,COM,1986,0
Comoros,COM,1987,0
Comoros,COM,1988,0
Comoros,COM,1989,0
Comoros,COM,1990,0
Comoros,COM,1991,0
Comoros,COM,1992,0
Comoros,COM,1993,0
Comoros,COM,1994,0
Comoros,COM,1995,0
Comoros,COM,1996,0
Comoros,COM,1997,0
Comoros,COM,1998,0
Comoros,COM,1999,0
Comoros,COM,2000,0
Comoros,COM,2001,0
Comoros,COM,2002,0
Comoros,COM,2003,0
Comoros,COM,2004,0
Comoros,COM,2005,0
Comoros,COM,2006,0
Comoros,COM,2007,0
Comoros,COM,2008,0
Comoros,COM,2009,0
Comoros,COM,2010,0
Comoros,COM,2011,0
Comoros,COM,2012,0
Comoros,COM,2013,0
Comoros,COM,2014,0
Comoros,COM,2015,0
Comoros,COM,2016,0
Comoros,COM,2017,0
Comoros,COM,2018,0
Comoros,COM,2019,0
Comoros,COM,2020,0
Comoros,COM,2021,0
Congo,COG,1980,104931624
Congo,COG,1981,116537690
Congo,COG,1982,119876424
Congo,COG,1983,114947816
Congo,COG,1984,109860220
Congo,COG,1985,104295670
Congo,COG,1986,114470860
Congo,COG,1987,114470860
Congo,COG,1988,112880980
Congo,COG,1989,131959460
Congo,COG,1990,131959460
Congo,COG,1991,131959460
Congo,COG,1992,131959460
Congo,COG,1993,131959460
Congo,COG,1994,131959460
Congo,COG,1995,239434880
Congo,COG,1996,239434880
Congo,COG,1997,239434880
Congo,COG,1998,239434880
Congo,COG,1999,239434880
Congo,COG,2000,239434880
Congo,COG,2001,239434880
Congo,COG,2002,240865760
Congo,COG,2003,283792320
Congo,COG,2004,283633340
Congo,COG,2005,302870820
Congo,COG,2006,308435360
Congo,COG,2007,308435360
Congo,COG,2008,308435360
Congo,COG,2009,317974600
Congo,COG,2010,317974600
Congo,COG,2011,317974600
Congo,COG,2012,317974600
Congo,COG,2013,424973060
Congo,COG,2014,455816600
Congo,COG,2015,474100160
Congo,COG,2016,474100160
Congo,COG,2017,474100160
Congo,COG,2018,474100160
Congo,COG,2019,474100160
Congo,COG,2020,474100160
Congo,COG,2021,458201400
Cook Islands,COK,1980,0
Cook Islands,COK,1981,0
Cook Islands,COK,1982,0
Cook Islands,COK,1983,0
Cook Islands,COK,1984,0
Cook Islands,COK,1985,0
Cook Islands,COK,1986,0
Cook Islands,COK,1987,0
Cook Islands,COK,1988,0
Cook Islands,COK,1989,0
Cook Islands,COK,1990,0
Cook Islands,COK,1991,0
Cook Islands,COK,1992,0
Cook Islands,COK,1993,0
Cook Islands,COK,1994,0
Cook Islands,COK,1995,0
Cook Islands,COK,1996,0
Cook Islands,COK,1997,0
Cook Islands,COK,1998,0
Cook Islands,COK,1999,0
Cook Islands,COK,2000,0
Cook Islands,COK,2001,0
Cook Islands,COK,2002,0
Cook Islands,COK,2003,0
Cook Islands,COK,2004,0
Cook Islands,COK,2005,0
Cook Islands,COK,2006,0
Cook Islands,COK,2007,0
Cook Islands,COK,2008,0
Cook Islands,COK,2009,0
Cook Islands,COK,2010,0
Cook Islands,COK,2011,0
Cook Islands,COK,2012,0
Cook Islands,COK,2013,0
Cook Islands,COK,2014,0
Cook Islands,COK,2015,0
Cook Islands,COK,2016,0
Cook Islands,COK,2017,0
Cook Islands,COK,2018,0
Cook Islands,COK,2019,0
Cook Islands,COK,2020,0
Cook Islands,COK,2021,0
Costa Rica,CRI,1980,0
Costa Rica,CRI,1981,0
Costa Rica,CRI,1982,0
Costa Rica,CRI,1983,0
Costa Rica,CRI,1984,0
Costa Rica,CRI,1985,0
Costa Rica,CRI,1986,0
Costa Rica,CRI,1987,0
Costa Rica,CRI,1988,0
Costa Rica,CRI,1989,0
Costa Rica,CRI,1990,0
Costa Rica,CRI,1991,0
Costa Rica,CRI,1992,0
Costa Rica,CRI,1993,0
Costa Rica,CRI,1994,0
Costa Rica,CRI,1995,0
Costa Rica,CRI,1996,0
Costa Rica,CRI,1997,0
Costa Rica,CRI,1998,0
Costa Rica,CRI,1999,0
Costa Rica,CRI,2000,0
Costa Rica,CRI,2001,0
Costa Rica,CRI,2002,0
Costa Rica,CRI,2003,0
Costa Rica,CRI,2004,0
Costa Rica,CRI,2005,0
Costa Rica,CRI,2006,0
Costa Rica,CRI,2007,0
Costa Rica,CRI,2008,0
Costa Rica,CRI,2009,0
Costa Rica,CRI,2010,0
Costa Rica,CRI,2011,0
Costa Rica,CRI,2012,0
Costa Rica,CRI,2013,0
Costa Rica,CRI,2014,0
Costa Rica,CRI,2015,0
Costa Rica,CRI,2016,0
Costa Rica,CRI,2017,0
Costa Rica,CRI,2018,0
Costa Rica,CRI,2019,0
Costa Rica,CRI,2020,0
Costa Rica,CRI,2021,0
Cote d'Ivoire,CIV,1981,7949365
Cote d'Ivoire,CIV,1982,49922012
Cote d'Ivoire,CIV,1983,17568096
Cote d'Ivoire,CIV,1984,17170628
Cote d'Ivoire,CIV,1985,17170628
Cote d'Ivoire,CIV,1986,19873412
Cote d'Ivoire,CIV,1987,19873412
Cote d'Ivoire,CIV,1988,19078476
Cote d'Ivoire,CIV,1989,19078476
Cote d'Ivoire,CIV,1990,15898730
Cote d'Ivoire,CIV,1991,15898730
Cote d'Ivoire,CIV,1992,15898730
Cote d'Ivoire,CIV,1993,15898730
Cote d'Ivoire,CIV,1994,7949365
Cote d'Ivoire,CIV,1995,7949365
Cote d'Ivoire,CIV,1996,15898730
Cote d'Ivoire,CIV,1997,15898730
Cote d'Ivoire,CIV,1998,15898730
Cote d'Ivoire,CIV,1999,15898730
Cote d'Ivoire,CIV,2000,15898730
Cote d'Ivoire,CIV,2001,15898730
Cote d'Ivoire,CIV,2002,15898730
Cote d'Ivoire,CIV,2003,15898730
Cote d'Ivoire,CIV,2004,15898730
Cote d'Ivoire,CIV,2005,15898730
Cote d'Ivoire,CIV,2006,15898730
Cote d'Ivoire,CIV,2007,15898730
Cote d'Ivoire,CIV,2008,15898730
Cote d'Ivoire,CIV,2009,15898730
Cote d'Ivoire,CIV,2010,15898730
Cote d'Ivoire,CIV,2011,15898730
Cote d'Ivoire,CIV,2012,15898730
Cote d'Ivoire,CIV,2013,15898730
Cote d'Ivoire,CIV,2014,15898730
Cote d'Ivoire,CIV,2015,15898730
Cote d'Ivoire,CIV,2016,15898730
Cote d'Ivoire,CIV,2017,15898730
Cote d'Ivoire,CIV,2018,15898730
Cote d'Ivoire,CIV,2019,15898730
Cote d'Ivoire,CIV,2020,15898730
Cote d'Ivoire,CIV,2021,15898730
Croatia,HRV,1993,25829394
Croatia,HRV,1994,23995158
Croatia,HRV,1995,23848096
Croatia,HRV,1996,23848096
Croatia,HRV,1997,8761949
Croatia,HRV,1998,8761949
Croatia,HRV,1999,15766453
Croatia,HRV,2000,14657994
Croatia,HRV,2001,14657994
Croatia,HRV,2002,14657994
Croatia,HRV,2003,14657994
Croatia,HRV,2004,11967928
Croatia,HRV,2005,11967768
Croatia,HRV,2006,10993018
Croatia,HRV,2007,11815937
Croatia,HRV,2008,12583845
Croatia,HRV,2009,12607693
Croatia,HRV,2010,11661718
Croatia,HRV,2011,11288099
Croatia,HRV,2012,11288099
Croatia,HRV,2013,11288099
Croatia,HRV,2014,11288099
Croatia,HRV,2015,11288099
Croatia,HRV,2016,11288099
Croatia,HRV,2017,11288099
Croatia,HRV,2018,11288099
Croatia,HRV,2019,11288099
Croatia,HRV,2020,11288099
Croatia,HRV,2021,11288099
Cuba,CUB,1991,15898730
Cuba,CUB,1992,15898730
Cuba,CUB,1993,15898730
Cuba,CUB,1994,15898730
Cuba,CUB,1995,15898730
Cuba,CUB,1996,15898730
Cuba,CUB,1997,15898730
Cuba,CUB,1998,40541760
Cuba,CUB,1999,45072896
Cuba,CUB,2000,45072896
Cuba,CUB,2001,45072896
Cuba,CUB,2002,119240470
Cuba,CUB,2003,119240470
Cuba,CUB,2004,119240470
Cuba,CUB,2005,119240470
Cuba,CUB,2006,119240470
Cuba,CUB,2007,19714424
Cuba,CUB,2008,19714424
Cuba,CUB,2009,19714424
Cuba,CUB,2010,19714424
Cuba,CUB,2011,19714424
Cuba,CUB,2012,19714424
Cuba,CUB,2013,19714424
Cuba,CUB,2014,19714424
Cuba,CUB,2015,19714424
Cuba,CUB,2016,19714424
Cuba,CUB,2017,19714424
Cuba,CUB,2018,19714424
Cuba,CUB,2019,19714424
Cuba,CUB,2020,19714424
Cuba,CUB,2021,19714424
Cyprus,CYP,1980,0
Cyprus,CYP,1981,0
Cyprus,CYP,1982,0
Cyprus,CYP,1983,0
Cyprus,CYP,1984,0
Cyprus,CYP,1985,0
Cyprus,CYP,1986,0
Cyprus,CYP,1987,0
Cyprus,CYP,1988,0
Cyprus,CYP,1989,0
Cyprus,CYP,1990,0
Cyprus,CYP,1991,0
Cyprus,CYP,1992,0
Cyprus,CYP,1993,0
Cyprus,CYP,1994,0
Cyprus,CYP,1995,0
Cyprus,CYP,1996,0
Cyprus,CYP,1997,0
Cyprus,CYP,1998,0
Cyprus,CYP,1999,0
Cyprus,CYP,2000,0
Cyprus,CYP,2001,0
Cyprus,CYP,2002,0
Cyprus,CYP,2003,0
Cyprus,CYP,2004,0
Cyprus,CYP,2005,0
Cyprus,CYP,2006,0
Cyprus,CYP,2007,0
Cyprus,CYP,2008,0
Cyprus,CYP,2009,0
Cyprus,CYP,2010,0
Cyprus,CYP,2011,0
Cyprus,CYP,2012,0
Cyprus,CYP,2013,0
Cyprus,CYP,2014,0
Cyprus,CYP,2015,0
Cyprus,CYP,2016,0
Cyprus,CYP,2017,0
Cyprus,CYP,2018,0
Cyprus,CYP,2019,0
Cyprus,CYP,2020,0
Cyprus,CYP,2021,0
Czechia,CZE,1996,953923.8
Czechia,CZE,1997,953923.8
Czechia,CZE,1998,953923.8
Czechia,CZE,1999,2384809.5
Czechia,CZE,2000,2384809.5
Czechia,CZE,2001,2384809.5
Czechia,CZE,2002,2384809.5
Czechia,CZE,2003,2384809.5
Czechia,CZE,2004,2384809.5
Czechia,CZE,2005,2384809.5
Czechia,CZE,2006,2384809.5
Czechia,CZE,2007,2384809.5
Czechia,CZE,2008,2384809.5
Czechia,CZE,2009,2384809.5
Czechia,CZE,2010,2384809.5
Czechia,CZE,2011,2384809.5
Czechia,CZE,2012,2384809.5
Czechia,CZE,2013,2384809.5
Czechia,CZE,2014,2384809.5
Czechia,CZE,2015,2384809.5
Czechia,CZE,2016,2384809.5
Czechia,CZE,2017,2384809.5
Czechia,CZE,2018,2384809.5
Czechia,CZE,2019,2384809.5
Czechia,CZE,2020,2384809.5
Czechia,CZE,2021,2384809.5
Czechoslovakia,OWID_CZS,1992,2384809.5
Democratic Republic of Congo,COD,1980,21463286
Democratic Republic of Congo,COD,1981,20668348
Democratic Republic of Congo,COD,1982,23053158
Democratic Republic of Congo,COD,1983,22099234
Democratic Republic of Congo,COD,1984,17488602
Democratic Republic of Congo,COD,1985,17488602
Democratic Republic of Congo,COD,1986,17488602
Democratic Republic of Congo,COD,1987,17806578
Democratic Republic of Congo,COD,1988,17806578
Democratic Republic of Congo,COD,1989,15289809
Democratic Republic of Congo,COD,1990,15281859
Democratic Republic of Congo,COD,1991,8846054
Democratic Republic of Congo,COD,1992,29730626
Democratic Republic of Congo,COD,1993,29730626
Democratic Republic of Congo,COD,1994,29730626
Democratic Republic of Congo,COD,1995,29730626
Democratic Republic of Congo,COD,1996,29730626
Democratic Republic of Congo,COD,1997,29730626
Democratic Republic of Congo,COD,1998,29730626
Democratic Republic of Congo,COD,1999,29730626
Democratic Republic of Congo,COD,2000,29730626
Democratic Republic of Congo,COD,2001,29730626
Democratic Republic of Congo,COD,2002,29730626
Democratic Republic of Congo,COD,2003,29730626
Democratic Republic of Congo,COD,2004,29730626
Democratic Republic of Congo,COD,2005,29730626
Democratic Republic of Congo,COD,2006,29730626
Democratic Republic of Congo,COD,2007,28617716
Democratic Republic of Congo,COD,2008,28617716
Democratic Republic of Congo,COD,2009,28617716
Democratic Republic of Congo,COD,2010,28617716
Democratic Republic of Congo,COD,2011,28617716
Democratic Republic of Congo,COD,2012,28617716
Democratic Republic of Congo,COD,2013,28617716
Democratic Republic of Congo,COD,2014,28617716
Democratic Republic of Congo,COD,2015,28617716
Democratic Republic of Congo,COD,2016,28617716
Democratic Republic of Congo,COD,2017,28617716
Democratic Republic of Congo,COD,2018,28617716
Democratic Republic of Congo,COD,2019,28617716
Democratic Republic of Congo,COD,2020,28617716
Democratic Republic of Congo,COD,2021,28617716
Denmark,DNK,1980,59620236
Denmark,DNK,1981,75518970
Denmark,DNK,1982,74724030
Denmark,DNK,1983,75200990
Denmark,DNK,1984,51511884
Denmark,DNK,1985,63594920
Denmark,DNK,1986,73929096
Denmark,DNK,1987,69954410
Denmark,DNK,1988,69954410
Denmark,DNK,1989,136888060
Denmark,DNK,1990,134999940
Denmark,DNK,1991,127100020
Denmark,DNK,1992,120035410
Denmark,DNK,1993,116000000
Denmark,DNK,1994,123999920
Denmark,DNK,1995,117000024
Denmark,DNK,1996,164000000
Denmark,DNK,1997,152166740
Denmark,DNK,1998,136999980
Denmark,DNK,1999,150000860
Denmark,DNK,2000,170000030
Denmark,DNK,2001,170000030
Denmark,DNK,2002,177000560
Denmark,DNK,2003,214155890
Denmark,DNK,2004,203026770
Denmark,DNK,2005,209863250
Denmark,DNK,2006,211135120
Denmark,DNK,2007,203026770
Denmark,DNK,2008,188876910
Denmark,DNK,2009,168526530
Denmark,DNK,2010,168526530
Denmark,DNK,2011,129097680
Denmark,DNK,2012,143088560
Denmark,DNK,2013,127984776
Denmark,DNK,2014,127999720
Denmark,DNK,2015,97141240
Denmark,DNK,2016,87602000
Denmark,DNK,2017,77999810
Denmark,DNK,2018,69795420
Denmark,DNK,2019,68046570
Denmark,DNK,2020,70113400
Denmark,DNK,2021,70113400
Djibouti,DJI,1980,0
Djibouti,DJI,1981,0
Djibouti,DJI,1982,0
Djibouti,DJI,1983,0
Djibouti,DJI,1984,0
Djibouti,DJI,1985,0
Djibouti,DJI,1986,0
Djibouti,DJI,1987,0
Djibouti,DJI,1988,0
Djibouti,DJI,1989,0
Djibouti,DJI,1990,0
Djibouti,DJI,1991,0
Djibouti,DJI,1992,0
Djibouti,DJI,1993,0
Djibouti,DJI,1994,0
Djibouti,DJI,1995,0
Djibouti,DJI,1996,0
Djibouti,DJI,1997,0
Djibouti,DJI,1998,0
Djibouti,DJI,1999,0
Djibouti,DJI,2000,0
Djibouti,DJI,2001,0
Djibouti,DJI,2002,0
Djibouti,DJI,2003,0
Djibouti,DJI,2004,0
Djibouti,DJI,2005,0
Djibouti,DJI,2006,0
Djibouti,DJI,2007,0
Djibouti,DJI,2008,0
Djibouti,DJI,2009,0
Djibouti,DJI,2010,0
Djibouti,DJI,2011,0
Djibouti,DJI,2012,0
Djibouti,DJI,2013,0
Djibouti,DJI,2014,0
Djibouti,DJI,2015,0
Djibouti,DJI,2016,0
Djibouti,DJI,2017,0
Djibouti,DJI,2018,0
Djibouti,DJI,2019,0
Djibouti,DJI,2020,0
Djibouti,DJI,2021,0
Dominica,DMA,1980,0
Dominica,DMA,1981,0
Dominica,DMA,1982,0
Dominica,DMA,1983,0
Dominica,DMA,1984,0
Dominica,DMA,1985,0
Dominica,DMA,1986,0
Dominica,DMA,1987,0
Dominica,DMA,1988,0
Dominica,DMA,1989,0
Dominica,DMA,1990,0
Dominica,DMA,1991,0
Dominica,DMA,1992,0
Dominica,DMA,1993,0
Dominica,DMA,1994,0
Dominica,DMA,1995,0
Dominica,DMA,1996,0
Dominica,DMA,1997,0
Dominica,DMA,1998,0
Dominica,DMA,1999,0
Dominica,DMA,2000,0
Dominica,DMA,2001,0
Dominica,DMA,2002,0
Dominica,DMA,2003,0
Dominica,DMA,2004,0
Dominica,DMA,2005,0
Dominica,DMA,2006,0
Dominica,DMA,2007,0
Dominica,DMA,2008,0
Dominica,DMA,2009,0
Dominica,DMA,2010,0
Dominica,DMA,2011,0
Dominica,DMA,2012,0
Dominica,DMA,2013,0
Dominica,DMA,2014,0
Dominica,DMA,2015,0
Dominica,DMA,2016,0
Dominica,DMA,2017,0
Dominica,DMA,2018,0
Dominica,DMA,2019,0
Dominica,DMA,2020,0
Dominica,DMA,2021,0
Dominican Republic,DOM,1980,0
Dominican Republic,DOM,1981,0
Dominican Republic,DOM,1982,0
Dominican Republic,DOM,1983,0
Dominican Republic,DOM,1984,0
Dominican Republic,DOM,1985,0
Dominican Republic,DOM,1986,0
Dominican Republic,DOM,1987,0
Dominican Republic,DOM,1988,0
Dominican Republic,DOM,1989,0
Dominican Republic,DOM,1990,0
Dominican Republic,DOM,1991,0
Dominican Republic,DOM,1992,0
Dominican Republic,DOM,1993,0
Dominican Republic,DOM,1994,0
Dominican Republic,DOM,1995,0
Dominican Republic,DOM,1996,0
Dominican Republic,DOM,1997,0
Dominican Republic,DOM,1998,0
Dominican Republic,DOM,1999,0
Dominican Republic,DOM,2000,0
Dominican Republic,DOM,2001,0
Dominican Republic,DOM,2002,0
Dominican Republic,DOM,2003,0
Dominican Republic,DOM,2004,0
Dominican Republic,DOM,2005,0
Dominican Republic,DOM,2006,0
Dominican Republic,DOM,2007,0
Dominican Republic,DOM,2008,0
Dominican Republic,DOM,2009,0
Dominican Republic,DOM,2010,0
Dominican Republic,DOM,2011,0
Dominican Republic,DOM,2012,0
Dominican Republic,DOM,2013,0
Dominican Republic,DOM,2014,0
Dominican Republic,DOM,2015,0
Dominican Republic,DOM,2016,0
Dominican Republic,DOM,2017,0
Dominican Republic,DOM,2018,0
Dominican Republic,DOM,2019,0
Dominican Republic,DOM,2020,0
Dominican Republic,DOM,2021,0
East Timor,TLS,2003,0
East Timor,TLS,2004,0
East Timor,TLS,2005,0
East Timor,TLS,2006,0
East Timor,TLS,2007,0
East Timor,TLS,2008,0
East Timor,TLS,2009,0
East Timor,TLS,2010,0
East Timor,TLS,2011,0
East Timor,TLS,2012,0
East Timor,TLS,2013,0
East Timor,TLS,2014,0
East Timor,TLS,2015,0
East Timor,TLS,2016,0
East Timor,TLS,2017,0
East Timor,TLS,2018,0
East Timor,TLS,2019,0
East Timor,TLS,2020,0
East Timor,TLS,2021,0
Ecuador,ECU,1980,174886030
Ecuador,ECU,1981,174886030
Ecuador,ECU,1982,135139220
Ecuador,ECU,1983,222582220
Ecuador,ECU,1984,266303710
Ecuador,ECU,1985,222582220
Ecuador,ECU,1986,262329040
Ecuador,ECU,1987,265874460
Ecuador,ECU,1988,256764500
Ecuador,ECU,1989,214632860
Ecuador,ECU,1990,240706780
Ecuador,ECU,1991,225761950
Ecuador,ECU,1992,246430300
Ecuador,ECU,1993,254346770
Ecuador,ECU,1994,320200420
Ecuador,ECU,1995,320200420
Ecuador,ECU,1996,336258140
Ecuador,ECU,1997,336258140
Ecuador,ECU,1998,336258140
Ecuador,ECU,1999,336258140
Ecuador,ECU,2000,336258140
Ecuador,ECU,2001,336258140
Ecuador,ECU,2002,336258140
Ecuador,ECU,2003,736047600
Ecuador,ECU,2004,736047600
Ecuador,ECU,2005,736047600
Ecuador,ECU,2006,736047600
Ecuador,ECU,2007,718145660
Ecuador,ECU,2008,718145660
Ecuador,ECU,2009,740880800
Ecuador,ECU,2010,1033417500
Ecuador,ECU,2011,1035007360
Ecuador,ECU,2012,1146298500
Ecuador,ECU,2013,1310055300
Ecuador,ECU,2014,1310055300
Ecuador,ECU,2015,1404175700
Ecuador,ECU,2016,1315301900
Ecuador,ECU,2017,1315301900
Ecuador,ECU,2018,1315301900
Ecuador,ECU,2019,1315301900
Ecuador,ECU,2020,1315301900
Ecuador,ECU,2021,1315301900
Egypt,EGY,1980,492860600
Egypt,EGY,1981,461063200
Egypt,EGY,1982,465832800
Egypt,EGY,1983,528632770
Egypt,EGY,1984,548506200
Egypt,EGY,1985,508759360
Egypt,EGY,1986,612101100
Egypt,EGY,1987,572354240
Egypt,EGY,1988,683645440
Egypt,EGY,1989,683645440
Egypt,EGY,1990,715442900
Egypt,EGY,1991,715442900
Egypt,EGY,1992,715442900
Egypt,EGY,1993,985721200
Egypt,EGY,1994,1001620030
Egypt,EGY,1995,518298600
Egypt,EGY,1996,616778500
Egypt,EGY,1997,587644100
Egypt,EGY,1998,609644740
Egypt,EGY,1999,556455550
Egypt,EGY,2000,468624600
Egypt,EGY,2001,468624600
Egypt,EGY,2002,468624600
Egypt,EGY,2003,588253000
Egypt,EGY,2004,588253000
Egypt,EGY,2005,588253000
Egypt,EGY,2006,588253000
Egypt,EGY,2007,588253000
Egypt,EGY,2008,588253000
Egypt,EGY,2009,588253000
Egypt,EGY,2010,588253000
Egypt,EGY,2011,699544100
Egypt,EGY,2012,699544100
Egypt,EGY,2013,699544100
Egypt,EGY,2014,699544100
Egypt,EGY,2015,699544100
Egypt,EGY,2016,699544100
Egypt,EGY,2017,699544100
Egypt,EGY,2018,567584640
Egypt,EGY,2019,524658080
Egypt,EGY,2020,524658080
Egypt,EGY,2021,524658080
El Salvador,SLV,1980,0
El Salvador,SLV,1981,0
El Salvador,SLV,1982,0
El Salvador,SLV,1983,0
El Salvador,SLV,1984,0
El Salvador,SLV,1985,0
El Salvador,SLV,1986,0
El Salvador,SLV,1987,0
El Salvador,SLV,1988,0
El Salvador,SLV,1989,0
El Salvador,SLV,1990,0
El Salvador,SLV,1991,0
El Salvador,SLV,1992,0
El Salvador,SLV,1993,0
El Salvador,SLV,1994,0
El Salvador,SLV,1995,0
El Salvador,SLV,1996,0
El Salvador,SLV,1997,0
El Salvador,SLV,1998,0
El Salvador,SLV,1999,0
El Salvador,SLV,2000,0
El Salvador,SLV,2001,0
El Salvador,SLV,2002,0
El Salvador,SLV,2003,0
El Salvador,SLV,2004,0
El Salvador,SLV,2005,0
El Salvador,SLV,2006,0
El Salvador,SLV,2007,0
El Salvador,SLV,2008,0
El Salvador,SLV,2009,0
El Salvador,SLV,2010,0
El Salvador,SLV,2011,0
El Salvador,SLV,2012,0
El Salvador,SLV,2013,0
El Salvador,SLV,2014,0
El Salvador,SLV,2015,0
El Salvador,SLV,2016,0
El Salvador,SLV,2017,0
El Salvador,SLV,2018,0
El Salvador,SLV,2019,0
El Salvador,SLV,2020,0
El Salvador,SLV,2021,0
Equatorial Guinea,GNQ,1993,572354.25
Equatorial Guinea,GNQ,1994,572354.25
Equatorial Guinea,GNQ,1995,1907847.6
Equatorial Guinea,GNQ,1996,1907847.6
Equatorial Guinea,GNQ,1997,1907847.6
Equatorial Guinea,GNQ,1998,1907847.6
Equatorial Guinea,GNQ,1999,1907847.6
Equatorial Guinea,GNQ,2000,1907847.6
Equatorial Guinea,GNQ,2001,1907847.6
Equatorial Guinea,GNQ,2002,1907847.6
Equatorial Guinea,GNQ,2003,1907847.6
Equatorial Guinea,GNQ,2004,1907847.6
Equatorial Guinea,GNQ,2005,1907847.6
Equatorial Guinea,GNQ,2006,1907847.6
Equatorial Guinea,GNQ,2007,174886030
Equatorial Guinea,GNQ,2008,174886030
Equatorial Guinea,GNQ,2009,174886030
Equatorial Guinea,GNQ,2010,174886030
Equatorial Guinea,GNQ,2011,174886030
Equatorial Guinea,GNQ,2012,174886030
Equatorial Guinea,GNQ,2013,174886030
Equatorial Guinea,GNQ,2014,174886030
Equatorial Guinea,GNQ,2015,174886030
Equatorial Guinea,GNQ,2016,174886030
Equatorial Guinea,GNQ,2017,174886030
Equatorial Guinea,GNQ,2018,174886030
Equatorial Guinea,GNQ,2019,174886030
Equatorial Guinea,GNQ,2020,174886030
Equatorial Guinea,GNQ,2021,174886030
Eritrea,ERI,1994,0
Eritrea,ERI,1995,0
Eritrea,ERI,1996,0
Eritrea,ERI,1997,0
Eritrea,ERI,1998,0
Eritrea,ERI,1999,0
Eritrea,ERI,2000,0
Eritrea,ERI,2001,0
Eritrea,ERI,2002,0
Eritrea,ERI,2003,0
Eritrea,ERI,2004,0
Eritrea,ERI,2005,0
Eritrea,ERI,2006,0
Eritrea,ERI,2007,0
Eritrea,ERI,2008,0
Eritrea,ERI,2009,0
Eritrea,ERI,2010,0
Eritrea,ERI,2011,0
Eritrea,ERI,2012,0
Eritrea,ERI,2013,0
Eritrea,ERI,2014,0
Eritrea,ERI,2015,0
Eritrea,ERI,2016,0
Eritrea,ERI,2017,0
Eritrea,ERI,2018,0
Eritrea,ERI,2019,0
Eritrea,ERI,2020,0
Eritrea,ERI,2021,0
Estonia,EST,1997,0
Estonia,EST,1998,0
Estonia,EST,1999,0
Estonia,EST,2000,0
Estonia,EST,2001,0
Estonia,EST,2002,0
Estonia,EST,2003,0
Estonia,EST,2004,0
Estonia,EST,2005,0
Estonia,EST,2006,0
Estonia,EST,2007,0
Estonia,EST,2008,0
Estonia,EST,2009,0
Estonia,EST,2010,0
Estonia,EST,2011,0
Estonia,EST,2012,0
Estonia,EST,2013,0
Estonia,EST,2014,0
Estonia,EST,2015,0
Estonia,EST,2016,0
Estonia,EST,2017,0
Estonia,EST,2018,0
Estonia,EST,2019,0
Estonia,EST,2020,0
Estonia,EST,2021,0
Eswatini,SWZ,1980,0
Eswatini,SWZ,1981,0
Eswatini,SWZ,1982,0
Eswatini,SWZ,1983,0
Eswatini,SWZ,1984,0
Eswatini,SWZ,1985,0
Eswatini,SWZ,1986,0
Eswatini,SWZ,1987,0
Eswatini,SWZ,1988,0
Eswatini,SWZ,1989,0
Eswatini,SWZ,1990,0
Eswatini,SWZ,1991,0
Eswatini,SWZ,1992,0
Eswatini,SWZ,1993,0
Eswatini,SWZ,1994,0
Eswatini,SWZ,1995,0
Eswatini,SWZ,1996,0
Eswatini,SWZ,1997,0
Eswatini,SWZ,1998,0
Eswatini,SWZ,1999,0
Eswatini,SWZ,2000,0
Eswatini,SWZ,2001,0
Eswatini,SWZ,2002,0
Eswatini,SWZ,2003,0
Eswatini,SWZ,2004,0
Eswatini,SWZ,2005,0
Eswatini,SWZ,2006,0
Eswatini,SWZ,2007,0
Eswatini,SWZ,2008,0
Eswatini,SWZ,2009,0
Eswatini,SWZ,2010,0
Eswatini,SWZ,2011,0
Eswatini,SWZ,2012,0
Eswatini,SWZ,2013,0
Eswatini,SWZ,2014,0
Eswatini,SWZ,2015,0
Eswatini,SWZ,2016,0
Eswatini,SWZ,2017,0
Eswatini,SWZ,2018,0
Eswatini,SWZ,2019,0
Eswatini,SWZ,2020,0
Eswatini,SWZ,2021,0
Ethiopia,ETH,1997,68046.56
Ethiopia,ETH,1998,68046.56
Ethiopia,ETH,1999,68046.56
Ethiopia,ETH,2000,68046.56
Ethiopia,ETH,2001,68046.56
Ethiopia,ETH,2002,68046.56
Ethiopia,ETH,2003,68046.56
Ethiopia,ETH,2004,68046.56
Ethiopia,ETH,2005,68046.56
Ethiopia,ETH,2006,68046.56
Ethiopia,ETH,2007,68046.56
Ethiopia,ETH,2008,68046.56
Ethiopia,ETH,2009,68046.56
Ethiopia,ETH,2010,68046.56
Ethiopia,ETH,2011,68046.56
Ethiopia,ETH,2012,68046.56
Ethiopia,ETH,2013,68046.56
Ethiopia,ETH,2014,68046.56
Ethiopia,ETH,2015,68046.56
Ethiopia,ETH,2016,68046.56
Ethiopia,ETH,2017,68046.56
Ethiopia,ETH,2018,68046.56
Ethiopia,ETH,2019,68046.56
Ethiopia,ETH,2020,68046.56
Ethiopia,ETH,2021,68046.56
Europe,OWID_EUR,1996,2746372600
Europe,OWID_EUR,1997,11029372000
Europe,OWID_EUR,1998,10982287000
Europe,OWID_EUR,1999,11070676000
Europe,OWID_EUR,2000,11051903000
Europe,OWID_EUR,2001,10825769000
Europe,OWID_EUR,2002,10743158000
Europe,OWID_EUR,2003,12708009000
Europe,OWID_EUR,2004,12726841000
Europe,OWID_EUR,2005,12388039000
Europe,OWID_EUR,2006,12192045000
Europe,OWID_EUR,2007,12099778000
Europe,OWID_EUR,2008,11856155000
Europe,OWID_EUR,2009,11759066000
Europe,OWID_EUR,2010,11709771000
Europe,OWID_EUR,2011,11513596000
Europe,OWID_EUR,2012,11480848000
Europe,OWID_EUR,2013,14682985000
Europe,OWID_EUR,2014,14720886000
Europe,OWID_EUR,2015,14617904000
Europe,OWID_EUR,2016,14516823000
Europe,OWID_EUR,2017,14703089000
Europe,OWID_EUR,2018,14838583000
Europe,OWID_EUR,2019,14891044000
Europe,OWID_EUR,2020,14949193000
Europe,OWID_EUR,2021,14903239000
Falkland Islands,FLK,1980,0
Falkland Islands,FLK,1981,0
Falkland Islands,FLK,1982,0
Falkland Islands,FLK,1983,0
Falkland Islands,FLK,1984,0
Falkland Islands,FLK,1985,0
Falkland Islands,FLK,1986,0
Falkland Islands,FLK,1987,0
Falkland Islands,FLK,1988,0
Falkland Islands,FLK,1989,0
Falkland Islands,FLK,1990,0
Falkland Islands,FLK,1991,0
Falkland Islands,FLK,1992,0
Falkland Islands,FLK,1993,0
Falkland Islands,FLK,1994,0
Falkland Islands,FLK,1995,0
Falkland Islands,FLK,1996,0
Falkland Islands,FLK,1997,0
Falkland Islands,FLK,1998,0
Falkland Islands,FLK,1999,0
Falkland Islands,FLK,2000,0
Falkland Islands,FLK,2001,0
Falkland Islands,FLK,2002,0
Falkland Islands,FLK,2003,0
Falkland Islands,FLK,2004,0
Falkland Islands,FLK,2005,0
Falkland Islands,FLK,2006,0
Falkland Islands,FLK,2007,0
Falkland Islands,FLK,2008,0
Falkland Islands,FLK,2009,0
Falkland Islands,FLK,2010,0
Falkland Islands,FLK,2011,0
Falkland Islands,FLK,2012,0
Falkland Islands,FLK,2013,0
Falkland Islands,FLK,2014,0
Falkland Islands,FLK,2015,0
Falkland Islands,FLK,2016,0
Falkland Islands,FLK,2017,0
Falkland Islands,FLK,2018,0
Falkland Islands,FLK,2019,0
Falkland Islands,FLK,2020,0
Falkland Islands,FLK,2021,0
Faroe Islands,FRO,1980,0
Faroe Islands,FRO,1981,0
Faroe Islands,FRO,1982,0
Faroe Islands,FRO,1983,0
Faroe Islands,FRO,1984,0
Faroe Islands,FRO,1985,0
Faroe Islands,FRO,1986,0
Faroe Islands,FRO,1987,0
Faroe Islands,FRO,1988,0
Faroe Islands,FRO,1989,0
Faroe Islands,FRO,1990,0
Faroe Islands,FRO,1991,0
Faroe Islands,FRO,1992,0
Faroe Islands,FRO,1993,0
Faroe Islands,FRO,1994,0
Faroe Islands,FRO,1995,0
Faroe Islands,FRO,1996,0
Faroe Islands,FRO,1997,0
Faroe Islands,FRO,1998,0
Faroe Islands,FRO,1999,0
Faroe Islands,FRO,2000,0
Faroe Islands,FRO,2001,0
Faroe Islands,FRO,2002,0
Faroe Islands,FRO,2003,0
Faroe Islands,FRO,2004,0
Faroe Islands,FRO,2005,0
Faroe Islands,FRO,2006,0
Faroe Islands,FRO,2007,0
Faroe Islands,FRO,2008,0
Faroe Islands,FRO,2009,0
Faroe Islands,FRO,2010,0
Faroe Islands,FRO,2011,0
Faroe Islands,FRO,2012,0
Faroe Islands,FRO,2013,0
Faroe Islands,FRO,2014,0
Faroe Islands,FRO,2015,0
Faroe Islands,FRO,2016,0
Faroe Islands,FRO,2017,0
Faroe Islands,FRO,2018,0
Faroe Islands,FRO,2019,0
Faroe Islands,FRO,2020,0
Faroe Islands,FRO,2021,0
Fiji,FJI,1980,0
Fiji,FJI,1981,0
Fiji,FJI,1982,0
Fiji,FJI,1983,0
Fiji,FJI,1984,0
Fiji,FJI,1985,0
Fiji,FJI,1986,0
Fiji,FJI,1987,0
Fiji,FJI,1988,0
Fiji,FJI,1989,0
Fiji,FJI,1990,0
Fiji,FJI,1991,0
Fiji,FJI,1992,0
Fiji,FJI,1993,0
Fiji,FJI,1994,0
Fiji,FJI,1995,0
Fiji,FJI,1996,0
Fiji,FJI,1997,0
Fiji,FJI,1998,0
Fiji,FJI,1999,0
Fiji,FJI,2000,0
Fiji,FJI,2001,0
Fiji,FJI,2002,0
Fiji,FJI,2003,0
Fiji,FJI,2004,0
Fiji,FJI,2005,0
Fiji,FJI,2006,0
Fiji,FJI,2007,0
Fiji,FJI,2008,0
Fiji,FJI,2009,0
Fiji,FJI,2010,0
Fiji,FJI,2011,0
Fiji,FJI,2012,0
Fiji,FJI,2013,0
Fiji,FJI,2014,0
Fiji,FJI,2015,0
Fiji,FJI,2016,0
Fiji,FJI,2017,0
Fiji,FJI,2018,0
Fiji,FJI,2019,0
Fiji,FJI,2020,0
Fiji,FJI,2021,0
Finland,FIN,1980,0
Finland,FIN,1981,0
Finland,FIN,1982,0
Finland,FIN,1983,0
Finland,FIN,1984,0
Finland,FIN,1985,0
Finland,FIN,1986,0
Finland,FIN,1987,0
Finland,FIN,1988,0
Finland,FIN,1989,0
Finland,FIN,1990,0
Finland,FIN,1991,0
Finland,FIN,1992,0
Finland,FIN,1993,0
Finland,FIN,1994,0
Finland,FIN,1995,0
Finland,FIN,1996,0
Finland,FIN,1997,0
Finland,FIN,1998,0
Finland,FIN,1999,0
Finland,FIN,2000,0
Finland,FIN,2001,0
Finland,FIN,2002,0
Finland,FIN,2003,0
Finland,FIN,2004,0
Finland,FIN,2005,0
Finland,FIN,2006,0
Finland,FIN,2007,0
Finland,FIN,2008,0
Finland,FIN,2009,0
Finland,FIN,2010,0
Finland,FIN,2011,0
Finland,FIN,2012,0
Finland,FIN,2013,0
Finland,FIN,2014,0
Finland,FIN,2015,0
Finland,FIN,2016,0
Finland,FIN,2017,0
Finland,FIN,2018,0
Finland,FIN,2019,0
Finland,FIN,2020,0
Finland,FIN,2021,0
France,FRA,1980,7949365
France,FRA,1981,6359492
France,FRA,1982,16375692
France,FRA,1983,19762122
France,FRA,1984,22223244
France,FRA,1985,23530120
France,FRA,1986,36567080
France,FRA,1987,37346116
France,FRA,1988,33803880
France,FRA,1989,32756152
France,FRA,1990,30191528
France,FRA,1991,29375446
France,FRA,1992,27160754
France,FRA,1993,28209752
France,FRA,1994,28209752
France,FRA,1995,24100886
France,FRA,1996,21989850
France,FRA,1997,18651118
France,FRA,1998,20249894
France,FRA,1999,17019114
France,FRA,2000,17019114
France,FRA,2001,23080186
France,FRA,2002,22264580
France,FRA,2003,23605320
France,FRA,2004,23604844
France,FRA,2005,23290048
France,FRA,2006,25183588
France,FRA,2007,19316958
France,FRA,2008,19046678
France,FRA,2009,16423388
France,FRA,2010,16081565
France,FRA,2011,14567211
France,FRA,2012,14310765
France,FRA,2013,13541743
France,FRA,2014,14240970
France,FRA,2015,13366857
France,FRA,2016,12469533
France,FRA,2017,11502254
France,FRA,2018,10628301
France,FRA,2019,9812537
France,FRA,2020,8880235
France,FRA,2021,9812537
French Guiana,GUF,1980,0
French Guiana,GUF,1981,0
French Guiana,GUF,1982,0
French Guiana,GUF,1983,0
French Guiana,GUF,1984,0
French Guiana,GUF,1985,0
French Guiana,GUF,1986,0
French Guiana,GUF,1987,0
French Guiana,GUF,1988,0
French Guiana,GUF,1989,0
French Guiana,GUF,1990,0
French Guiana,GUF,1991,0
French Guiana,GUF,1992,0
French Guiana,GUF,1993,0
French Guiana,GUF,1994,0
French Guiana,GUF,1995,0
French Guiana,GUF,1996,0
French Guiana,GUF,1997,0
French Guiana,GUF,1998,0
French Guiana,GUF,1999,0
French Guiana,GUF,2000,0
French Guiana,GUF,2001,0
French Guiana,GUF,2002,0
French Guiana,GUF,2003,0
French Guiana,GUF,2004,0
French Guiana,GUF,2005,0
French Guiana,GUF,2006,0
French Guiana,GUF,2007,0
French Guiana,GUF,2008,0
French Guiana,GUF,2009,0
French Guiana,GUF,2010,0
French Guiana,GUF,2011,0
French Guiana,GUF,2012,0
French Guiana,GUF,2013,0
French Guiana,GUF,2014,0
French Guiana,GUF,2015,0
French Guiana,GUF,2016,0
French Guiana,GUF,2017,0
French Guiana,GUF,2018,0
French Guiana,GUF,2019,0
French Guiana,GUF,2020,0
French Guiana,GUF,2021,0
French Polynesia,PYF,1980,0
French Polynesia,PYF,1981,0
French Polynesia,PYF,1982,0
French Polynesia,PYF,1983,0
French Polynesia,PYF,1984,0
French Polynesia,PYF,1985,0
French Polynesia,PYF,1986,0
French Polynesia,PYF,1987,0
French Polynesia,PYF,1988,0
French Polynesia,PYF,1989,0
French Polynesia,PYF,1990,0
French Polynesia,PYF,1991,0
French Polynesia,PYF,1992,0
French Polynesia,PYF,1993,0
French Polynesia,PYF,1994,0
French Polynesia,PYF,1995,0
French Polynesia,PYF,1996,0
French Polynesia,PYF,1997,0
French Polynesia,PYF,1998,0
French Polynesia,PYF,1999,0
French Polynesia,PYF,2000,0
French Polynesia,PYF,2001,0
French Polynesia,PYF,2002,0
French Polynesia,PYF,2003,0
French Polynesia,PYF,2004,0
French Polynesia,PYF,2005,0
French Polynesia,PYF,2006,0
French Polynesia,PYF,2007,0
French Polynesia,PYF,2008,0
French Polynesia,PYF,2009,0
French Polynesia,PYF,2010,0
French Polynesia,PYF,2011,0
French Polynesia,PYF,2012,0
French Polynesia,PYF,2013,0
French Polynesia,PYF,2014,0
French Polynesia,PYF,2015,0
French Polynesia,PYF,2016,0
French Polynesia,PYF,2017,0
French Polynesia,PYF,2018,0
French Polynesia,PYF,2019,0
French Polynesia,PYF,2020,0
French Polynesia,PYF,2021,0
Gabon,GAB,1980,79493650
Gabon,GAB,1981,71544280
Gabon,GAB,1982,76313900
Gabon,GAB,1983,73134160
Gabon,GAB,1984,77903780
Gabon,GAB,1985,81083520
Gabon,GAB,1986,82673390
Gabon,GAB,1987,102546810
Gabon,GAB,1988,102546810
Gabon,GAB,1989,114470860
Gabon,GAB,1990,116537690
Gabon,GAB,1991,116060740
Gabon,GAB,1992,116060740
Gabon,GAB,1993,116060740
Gabon,GAB,1994,116060740
Gabon,GAB,1995,213042990
Gabon,GAB,1996,213042990
Gabon,GAB,1997,213042990
Gabon,GAB,1998,397309280
Gabon,GAB,1999,397309280
Gabon,GAB,2000,397309280
Gabon,GAB,2001,397309280
Gabon,GAB,2002,397309280
Gabon,GAB,2003,397309280
Gabon,GAB,2004,397309280
Gabon,GAB,2005,397309280
Gabon,GAB,2006,397309280
Gabon,GAB,2007,317974600
Gabon,GAB,2008,317974600
Gabon,GAB,2009,317974600
Gabon,GAB,2010,317974600
Gabon,GAB,2011,317974600
Gabon,GAB,2012,317974600
Gabon,GAB,2013,317974600
Gabon,GAB,2014,317974600
Gabon,GAB,2015,317974600
Gabon,GAB,2016,317974600
Gabon,GAB,2017,317974600
Gabon,GAB,2018,317974600
Gabon,GAB,2019,317974600
Gabon,GAB,2020,317974600
Gabon,GAB,2021,317974600
Gambia,GMB,1980,0
Gambia,GMB,1981,0
Gambia,GMB,1982,0
Gambia,GMB,1983,0
Gambia,GMB,1984,0
Gambia,GMB,1985,0
Gambia,GMB,1986,0
Gambia,GMB,1987,0
Gambia,GMB,1988,0
Gambia,GMB,1989,0
Gambia,GMB,1990,0
Gambia,GMB,1991,0
Gambia,GMB,1992,0
Gambia,GMB,1993,0
Gambia,GMB,1994,0
Gambia,GMB,1995,0
Gambia,GMB,1996,0
Gambia,GMB,1997,0
Gambia,GMB,1998,0
Gambia,GMB,1999,0
Gambia,GMB,2000,0
Gambia,GMB,2001,0
Gambia,GMB,2002,0
Gambia,GMB,2003,0
Gambia,GMB,2004,0
Gambia,GMB,2005,0
Gambia,GMB,2006,0
Gambia,GMB,2007,0
Gambia,GMB,2008,0
Gambia,GMB,2009,0
Gambia,GMB,2010,0
Gambia,GMB,2011,0
Gambia,GMB,2012,0
Gambia,GMB,2013,0
Gambia,GMB,2014,0
Gambia,GMB,2015,0
Gambia,GMB,2016,0
Gambia,GMB,2017,0
Gambia,GMB,2018,0
Gambia,GMB,2019,0
Gambia,GMB,2020,0
Gambia,GMB,2021,0
Georgia,GEO,1997,5564555.5
Georgia,GEO,1998,5564555.5
Georgia,GEO,1999,5564555.5
Georgia,GEO,2000,5564555.5
Georgia,GEO,2001,5564555.5
Georgia,GEO,2002,5564555.5
Georgia,GEO,2003,5564555.5
Georgia,GEO,2004,5564555.5
Georgia,GEO,2005,5564555.5
Georgia,GEO,2006,5564555.5
Georgia,GEO,2007,5564555.5
Georgia,GEO,2008,5564555.5
Georgia,GEO,2009,5564555.5
Georgia,GEO,2010,5564555.5
Georgia,GEO,2011,5564555.5
Georgia,GEO,2012,5564555.5
Georgia,GEO,2013,5564555.5
Georgia,GEO,2014,5564555.5
Georgia,GEO,2015,5564555.5
Georgia,GEO,2016,5564555.5
Georgia,GEO,2017,5564555.5
Georgia,GEO,2018,5564555.5
Georgia,GEO,2019,5564555.5
Georgia,GEO,2020,5564555.5
Georgia,GEO,2021,5564555.5
Germany,DEU,1991,67569610
Germany,DEU,1992,71385300
Germany,DEU,1993,71435220
Germany,DEU,1994,71435220
Germany,DEU,1995,58570604
Germany,DEU,1996,53852176
Germany,DEU,1997,61265756
Germany,DEU,1998,65261104
Germany,DEU,1999,61764976
Germany,DEU,2000,56753856
Germany,DEU,2001,60366530
Germany,DEU,2002,57919076
Germany,DEU,2003,54423100
Germany,DEU,2004,70272380
Germany,DEU,2005,62697276
Germany,DEU,2006,58380136
Germany,DEU,2007,58348340
Germany,DEU,2008,58348340
Germany,DEU,2009,43880492
Germany,DEU,2010,43880492
Germany,DEU,2011,43880492
Germany,DEU,2012,43880492
Germany,DEU,2013,40408212
Germany,DEU,2014,36974084
Germany,DEU,2015,23352054
Germany,DEU,2016,21062636
Germany,DEU,2017,23123112
Germany,DEU,2018,20604754
Germany,DEU,2019,17971924
Germany,DEU,2020,16254862
Germany,DEU,2021,18315336
Ghana,GHA,1980,1112911.1
Ghana,GHA,1981,1001620
Ghana,GHA,1982,367260.66
Ghana,GHA,1983,858531.44
Ghana,GHA,1984,604151.75
Ghana,GHA,1985,604151.75
Ghana,GHA,1986,604151.75
Ghana,GHA,1987,373620.16
Ghana,GHA,1988,158987.31
Ghana,GHA,1989,158987.31
Ghana,GHA,1990,158987.31
Ghana,GHA,1991,79493.66
Ghana,GHA,1992,79493.66
Ghana,GHA,1993,79493.66
Ghana,GHA,1994,79493.66
Ghana,GHA,1995,79493.66
Ghana,GHA,1996,2543797
Ghana,GHA,1997,2624880.5
Ghana,GHA,1998,2624880.5
Ghana,GHA,1999,2624880.5
Ghana,GHA,2000,2624880.5
Ghana,GHA,2001,2624880.5
Ghana,GHA,2002,2624880.5
Ghana,GHA,2003,2624880.5
Ghana,GHA,2004,2624880.5
Ghana,GHA,2005,2624880.5
Ghana,GHA,2006,2623290.5
Ghana,GHA,2007,2384809.5
Ghana,GHA,2008,2384809.5
Ghana,GHA,2009,2384809.5
Ghana,GHA,2010,2384809.5
Ghana,GHA,2011,104931624
Ghana,GHA,2012,104931624
Ghana,GHA,2013,104931624
Ghana,GHA,2014,104931624
Ghana,GHA,2015,104931624
Ghana,GHA,2016,104931624
Ghana,GHA,2017,104931624
Ghana,GHA,2018,104931624
Ghana,GHA,2019,104931624
Ghana,GHA,2020,104931624
Ghana,GHA,2021,104931624
Gibraltar,GIB,1980,0
Gibraltar,GIB,1981,0
Gibraltar,GIB,1982,0
Gibraltar,GIB,1983,0
Gibraltar,GIB,1984,0
Gibraltar,GIB,1985,0
Gibraltar,GIB,1986,0
Gibraltar,GIB,1987,0
Gibraltar,GIB,1988,0
Gibraltar,GIB,1989,0
Gibraltar,GIB,1990,0
Gibraltar,GIB,1991,0
Gibraltar,GIB,1992,0
Gibraltar,GIB,1993,0
Gibraltar,GIB,1994,0
Gibraltar,GIB,1995,0
Gibraltar,GIB,1996,0
Gibraltar,GIB,1997,0
Gibraltar,GIB,1998,0
Gibraltar,GIB,1999,0
Gibraltar,GIB,2000,0
Gibraltar,GIB,2001,0
Gibraltar,GIB,2002,0
Gibraltar,GIB,2003,0
Gibraltar,GIB,2004,0
Gibraltar,GIB,2005,0
Gibraltar,GIB,2006,0
Gibraltar,GIB,2007,0
Gibraltar,GIB,2008,0
Gibraltar,GIB,2009,0
Gibraltar,GIB,2010,0
Gibraltar,GIB,2011,0
Gibraltar,GIB,2012,0
Gibraltar,GIB,2013,0
Gibraltar,GIB,2014,0
Gibraltar,GIB,2015,0
Gibraltar,GIB,2016,0
Gibraltar,GIB,2017,0
Gibraltar,GIB,2018,0
Gibraltar,GIB,2019,0
Gibraltar,GIB,2020,0
Gibraltar,GIB,2021,0
Greece,GRC,1980,23848096
Greece,GRC,1981,23848096
Greece,GRC,1982,11606073
Greece,GRC,1983,9504261
Greece,GRC,1984,8108352
Greece,GRC,1985,8108352
Greece,GRC,1986,5500960.5
Greece,GRC,1987,4133670
Greece,GRC,1988,3434125.8
Greece,GRC,1989,3179746
Greece,GRC,1990,11526579
Greece,GRC,1991,4769619
Greece,GRC,1992,6518479.5
Greece,GRC,1993,6518479.5
Greece,GRC,1994,6518479.5
Greece,GRC,1995,6518479.5
Greece,GRC,1996,2225822.2
Greece,GRC,1997,1907847.6
Greece,GRC,1998,1589873
Greece,GRC,1999,1589873
Greece,GRC,2000,1589873
Greece,GRC,2001,1589873
Greece,GRC,2002,1430885.6
Greece,GRC,2003,1430885.6
Greece,GRC,2004,953923.8
Greece,GRC,2005,1112911.1
Greece,GRC,2006,1112911.1
Greece,GRC,2007,794936.5
Greece,GRC,2008,1589873
Greece,GRC,2009,1589873
Greece,GRC,2010,1589873
Greece,GRC,2011,1589873
Greece,GRC,2012,1589873
Greece,GRC,2013,1589873
Greece,GRC,2014,1589873
Greece,GRC,2015,1589873
Greece,GRC,2016,1589873
Greece,GRC,2017,1589873
Greece,GRC,2018,1589873
Greece,GRC,2019,1589873
Greece,GRC,2020,1589873
Greece,GRC,2021,1589873
Greenland,GRL,1980,0
Greenland,GRL,1981,0
Greenland,GRL,1982,0
Greenland,GRL,1983,0
Greenland,GRL,1984,0
Greenland,GRL,1985,0
Greenland,GRL,1986,0
Greenland,GRL,1987,0
Greenland,GRL,1988,0
Greenland,GRL,1989,0
Greenland,GRL,1990,0
Greenland,GRL,1991,0
Greenland,GRL,1992,0
Greenland,GRL,1993,0
Greenland,GRL,1994,0
Greenland,GRL,1995,0
Greenland,GRL,1996,0
Greenland,GRL,1997,0
Greenland,GRL,1998,0
Greenland,GRL,1999,0
Greenland,GRL,2000,0
Greenland,GRL,2001,0
Greenland,GRL,2002,0
Greenland,GRL,2003,0
Greenland,GRL,2004,0
Greenland,GRL,2005,0
Greenland,GRL,2006,0
Greenland,GRL,2007,0
Greenland,GRL,2008,0
Greenland,GRL,2009,0
Greenland,GRL,2010,0
Greenland,GRL,2011,0
Greenland,GRL,2012,0
Greenland,GRL,2013,0
Greenland,GRL,2014,0
Greenland,GRL,2015,0
Greenland,GRL,2016,0
Greenland,GRL,2017,0
Greenland,GRL,2018,0
Greenland,GRL,2019,0
Greenland,GRL,2020,0
Greenland,GRL,2021,0
Grenada,GRD,1980,0
Grenada,GRD,1981,0
Grenada,GRD,1982,0
Grenada,GRD,1983,0
Grenada,GRD,1984,0
Grenada,GRD,1985,0
Grenada,GRD,1986,0
Grenada,GRD,1987,0
Grenada,GRD,1988,0
Grenada,GRD,1989,0
Grenada,GRD,1990,0
Grenada,GRD,1991,0
Grenada,GRD,1992,0
Grenada,GRD,1993,0
Grenada,GRD,1994,0
Grenada,GRD,1995,0
Grenada,GRD,1996,0
Grenada,GRD,1997,0
Grenada,GRD,1998,0
Grenada,GRD,1999,0
Grenada,GRD,2000,0
Grenada,GRD,2001,0
Grenada,GRD,2002,0
Grenada,GRD,2003,0
Grenada,GRD,2004,0
Grenada,GRD,2005,0
Grenada,GRD,2006,0
Grenada,GRD,2007,0
Grenada,GRD,2008,0
Grenada,GRD,2009,0
Grenada,GRD,2010,0
Grenada,GRD,2011,0
Grenada,GRD,2012,0
Grenada,GRD,2013,0
Grenada,GRD,2014,0
Grenada,GRD,2015,0
Grenada,GRD,2016,0
Grenada,GRD,2017,0
Grenada,GRD,2018,0
Grenada,GRD,2019,0
Grenada,GRD,2020,0
Grenada,GRD,2021,0
Guadeloupe,GLP,1980,0
Guadeloupe,GLP,1981,0
Guadeloupe,GLP,1982,0
Guadeloupe,GLP,1983,0
Guadeloupe,GLP,1984,0
Guadeloupe,GLP,1985,0
Guadeloupe,GLP,1986,0
Guadeloupe,GLP,1987,0
Guadeloupe,GLP,1988,0
Guadeloupe,GLP,1989,0
Guadeloupe,GLP,1990,0
Guadeloupe,GLP,1991,0
Guadeloupe,GLP,1992,0
Guadeloupe,GLP,1993,0
Guadeloupe,GLP,1994,0
Guadeloupe,GLP,1995,0
Guadeloupe,GLP,1996,0
Guadeloupe,GLP,1997,0
Guadeloupe,GLP,1998,0
Guadeloupe,GLP,1999,0
Guadeloupe,GLP,2000,0
Guadeloupe,GLP,2001,0
Guadeloupe,GLP,2002,0
Guadeloupe,GLP,2003,0
Guadeloupe,GLP,2004,0
Guadeloupe,GLP,2005,0
Guadeloupe,GLP,2006,0
Guadeloupe,GLP,2007,0
Guadeloupe,GLP,2008,0
Guadeloupe,GLP,2009,0
Guadeloupe,GLP,2010,0
Guadeloupe,GLP,2011,0
Guadeloupe,GLP,2012,0
Guadeloupe,GLP,2013,0
Guadeloupe,GLP,2014,0
Guadeloupe,GLP,2015,0
Guadeloupe,GLP,2016,0
Guadeloupe,GLP,2017,0
Guadeloupe,GLP,2018,0
Guadeloupe,GLP,2019,0
Guadeloupe,GLP,2020,0
Guadeloupe,GLP,2021,0
Guam,GUM,1980,0
Guam,GUM,1981,0
Guam,GUM,1982,0
Guam,GUM,1983,0
Guam,GUM,1984,0
Guam,GUM,1985,0
Guam,GUM,1986,0
Guam,GUM,1987,0
Guam,GUM,1988,0
Guam,GUM,1989,0
Guam,GUM,1990,0
Guam,GUM,1991,0
Guam,GUM,1992,0
Guam,GUM,1993,0
Guam,GUM,1994,0
Guam,GUM,1995,0
Guam,GUM,1996,0
Guam,GUM,1997,0
Guam,GUM,1998,0
Guam,GUM,1999,0
Guam,GUM,2000,0
Guam,GUM,2001,0
Guam,GUM,2002,0
Guam,GUM,2003,0
Guam,GUM,2004,0
Guam,GUM,2005,0
Guam,GUM,2006,0
Guam,GUM,2007,0
Guam,GUM,2008,0
Guam,GUM,2009,0
Guam,GUM,2010,0
Guam,GUM,2011,0
Guam,GUM,2012,0
Guam,GUM,2013,0
Guam,GUM,2014,0
Guam,GUM,2015,0
Guam,GUM,2016,0
Guam,GUM,2017,0
Guam,GUM,2018,0
Guam,GUM,2019,0
Guam,GUM,2020,0
Guam,GUM,2021,0
Guatemala,GTM,1980,2543797
Guatemala,GTM,1981,3179746
Guatemala,GTM,1982,8744301
Guatemala,GTM,1983,7949365
Guatemala,GTM,1984,7631390.5
Guatemala,GTM,1985,79493650
Guatemala,GTM,1986,7949365
Guatemala,GTM,1987,3656708
Guatemala,GTM,1988,6597972.5
Guatemala,GTM,1989,12850944
Guatemala,GTM,1990,6613871.5
Guatemala,GTM,1991,5756135.5
Guatemala,GTM,1992,5532281.5
Guatemala,GTM,1993,32910372
Guatemala,GTM,1994,32910372
Guatemala,GTM,1995,77585800
Guatemala,GTM,1996,77585800
Guatemala,GTM,1997,31797460
Guatemala,GTM,1998,31797460
Guatemala,GTM,1999,83627320
Guatemala,GTM,2000,83627320
Guatemala,GTM,2001,83627320
Guatemala,GTM,2002,83627320
Guatemala,GTM,2003,83627320
Guatemala,GTM,2004,83627320
Guatemala,GTM,2005,83627320
Guatemala,GTM,2006,83627320
Guatemala,GTM,2007,13207075
Guatemala,GTM,2008,13207075
Guatemala,GTM,2009,13207075
Guatemala,GTM,2010,13207075
Guatemala,GTM,2011,13207075
Guatemala,GTM,2012,13207075
Guatemala,GTM,2013,13207075
Guatemala,GTM,2014,13207075
Guatemala,GTM,2015,13207075
Guatemala,GTM,2016,13207075
Guatemala,GTM,2017,13207075
Guatemala,GTM,2018,13207075
Guatemala,GTM,2019,14568483
Guatemala,GTM,2020,14215849
Guatemala,GTM,2021,13690397
Guinea,GIN,1980,0
Guinea,GIN,1981,0
Guinea,GIN,1982,0
Guinea,GIN,1983,0
Guinea,GIN,1984,0
Guinea,GIN,1985,0
Guinea,GIN,1986,0
Guinea,GIN,1987,0
Guinea,GIN,1988,0
Guinea,GIN,1989,0
Guinea,GIN,1990,0
Guinea,GIN,1991,0
Guinea,GIN,1992,0
Guinea,GIN,1993,0
Guinea,GIN,1994,0
Guinea,GIN,1995,0
Guinea,GIN,1996,0
Guinea,GIN,1997,0
Guinea,GIN,1998,0
Guinea,GIN,1999,0
Guinea,GIN,2000,0
Guinea,GIN,2001,0
Guinea,GIN,2002,0
Guinea,GIN,2003,0
Guinea,GIN,2004,0
Guinea,GIN,2005,0
Guinea,GIN,2006,0
Guinea,GIN,2007,0
Guinea,GIN,2008,0
Guinea,GIN,2009,0
Guinea,GIN,2010,0
Guinea,GIN,2011,0
Guinea,GIN,2012,0
Guinea,GIN,2013,0
Guinea,GIN,2014,0
Guinea,GIN,2015,0
Guinea,GIN,2016,0
Guinea,GIN,2017,0
Guinea,GIN,2018,0
Guinea,GIN,2019,0
Guinea,GIN,2020,0
Guinea,GIN,2021,0
Guinea-Bissau,GNB,1980,0
Guinea-Bissau,GNB,1981,0
Guinea-Bissau,GNB,1982,0
Guinea-Bissau,GNB,1983,0
Guinea-Bissau,GNB,1984,0
Guinea-Bissau,GNB,1985,0
Guinea-Bissau,GNB,1986,0
Guinea-Bissau,GNB,1987,0
Guinea-Bissau,GNB,1988,0
Guinea-Bissau,GNB,1989,0
Guinea-Bissau,GNB,1990,0
Guinea-Bissau,GNB,1991,0
Guinea-Bissau,GNB,1992,0
Guinea-Bissau,GNB,1993,0
Guinea-Bissau,GNB,1994,0
Guinea-Bissau,GNB,1995,0
Guinea-Bissau,GNB,1996,0
Guinea-Bissau,GNB,1997,0
Guinea-Bissau,GNB,1998,0
Guinea-Bissau,GNB,1999,0
Guinea-Bissau,GNB,2000,0
Guinea-Bissau,GNB,2001,0
Guinea-Bissau,GNB,2002,0
Guinea-Bissau,GNB,2003,0
Guinea-Bissau,GNB,2004,0
Guinea-Bissau,GNB,2005,0
Guinea-Bissau,GNB,2006,0
Guinea-Bissau,GNB,2007,0
Guinea-Bissau,GNB,2008,0
Guinea-Bissau,GNB,2009,0
Guinea-Bissau,GNB,2010,0
Guinea-Bissau,GNB,2011,0
Guinea-Bissau,GNB,2012,0
Guinea-Bissau,GNB,2013,0
Guinea-Bissau,GNB,2014,0
Guinea-Bissau,GNB,2015,0
Guinea-Bissau,GNB,2016,0
Guinea-Bissau,GNB,2017,0
Guinea-Bissau,GNB,2018,0
Guinea-Bissau,GNB,2019,0
Guinea-Bissau,GNB,2020,0
Guinea-Bissau,GNB,2021,0
Guyana,GUY,1980,0
Guyana,GUY,1981,0
Guyana,GUY,1982,0
Guyana,GUY,1983,0
Guyana,GUY,1984,0
Guyana,GUY,1985,0
Guyana,GUY,1986,0
Guyana,GUY,1987,0
Guyana,GUY,1988,0
Guyana,GUY,1989,0
Guyana,GUY,1990,0
Guyana,GUY,1991,0
Guyana,GUY,1992,0
Guyana,GUY,1993,0
Guyana,GUY,1994,0
Guyana,GUY,1995,0
Guyana,GUY,1996,0
Guyana,GUY,1997,0
Guyana,GUY,1998,0
Guyana,GUY,1999,0
Guyana,GUY,2000,0
Guyana,GUY,2001,0
Guyana,GUY,2002,0
Guyana,GUY,2003,0
Guyana,GUY,2004,0
Guyana,GUY,2005,0
Guyana,GUY,2006,0
Guyana,GUY,2007,0
Guyana,GUY,2008,0
Guyana,GUY,2009,0
Guyana,GUY,2010,0
Guyana,GUY,2011,0
Guyana,GUY,2012,0
Guyana,GUY,2013,0
Guyana,GUY,2014,0
Guyana,GUY,2015,0
Guyana,GUY,2016,0
Guyana,GUY,2017,0
Guyana,GUY,2018,0
Guyana,GUY,2019,0
Guyana,GUY,2020,0
Guyana,GUY,2021,0
Haiti,HTI,1980,0
Haiti,HTI,1981,0
Haiti,HTI,1982,0
Haiti,HTI,1983,0
Haiti,HTI,1984,0
Haiti,HTI,1985,0
Haiti,HTI,1986,0
Haiti,HTI,1987,0
Haiti,HTI,1988,0
Haiti,HTI,1989,0
Haiti,HTI,1990,0
Haiti,HTI,1991,0
Haiti,HTI,1992,0
Haiti,HTI,1993,0
Haiti,HTI,1994,0
Haiti,HTI,1995,0
Haiti,HTI,1996,0
Haiti,HTI,1997,0
Haiti,HTI,1998,0
Haiti,HTI,1999,0
Haiti,HTI,2000,0
Haiti,HTI,2001,0
Haiti,HTI,2002,0
Haiti,HTI,2003,0
Haiti,HTI,2004,0
Haiti,HTI,2005,0
Haiti,HTI,2006,0
Haiti,HTI,2007,0
Haiti,HTI,2008,0
Haiti,HTI,2009,0
Haiti,HTI,2010,0
Haiti,HTI,2011,0
Haiti,HTI,2012,0
Haiti,HTI,2013,0
Haiti,HTI,2014,0
Haiti,HTI,2015,0
Haiti,HTI,2016,0
Haiti,HTI,2017,0
Haiti,HTI,2018,0
Haiti,HTI,2019,0
Haiti,HTI,2020,0
Haiti,HTI,2021,0
High-income countries,OWID_HIC,1980,53542375000
High-income countries,OWID_HIC,1981,53742610000
High-income countries,OWID_HIC,1982,54301460000
High-income countries,OWID_HIC,1983,53214335000
High-income countries,OWID_HIC,1984,53677780000
High-income countries,OWID_HIC,1985,58687054000
High-income countries,OWID_HIC,1986,58988773000
High-income countries,OWID_HIC,1987,57988940000
High-income countries,OWID_HIC,1988,68515234000
High-income countries,OWID_HIC,1989,68277797000
High-income countries,OWID_HIC,1990,82302010000
High-income countries,OWID_HIC,1991,82100140000
High-income countries,OWID_HIC,1992,81684780000
High-income countries,OWID_HIC,1993,81879876000
High-income countries,OWID_HIC,1994,81968100000
High-income countries,OWID_HIC,1995,81903060000
High-income countries,OWID_HIC,1996,81750114000
High-income countries,OWID_HIC,1997,89955000000
High-income countries,OWID_HIC,1998,89989270000
High-income countries,OWID_HIC,1999,90013400000
High-income countries,OWID_HIC,2000,90448740000
High-income countries,OWID_HIC,2001,91507950000
High-income countries,OWID_HIC,2002,91926600000
High-income countries,OWID_HIC,2003,121792460000
High-income countries,OWID_HIC,2004,121921600000
High-income countries,OWID_HIC,2005,121563590000
High-income countries,OWID_HIC,2006,121803570000
High-income countries,OWID_HIC,2007,121591430000
High-income countries,OWID_HIC,2008,121319055000
High-income countries,OWID_HIC,2009,120778220000
High-income countries,OWID_HIC,2010,122461990000
High-income countries,OWID_HIC,2011,122755250000
High-income countries,OWID_HIC,2012,122786380000
High-income countries,OWID_HIC,2013,126758390000
High-income countries,OWID_HIC,2014,127271680000
High-income countries,OWID_HIC,2015,127576015000
High-income countries,OWID_HIC,2016,126619550000
High-income countries,OWID_HIC,2017,126631990000
High-income countries,OWID_HIC,2018,128037570000
High-income countries,OWID_HIC,2019,128399970000
High-income countries,OWID_HIC,2020,128979610000
High-income countries,OWID_HIC,2021,120188480000
Honduras,HND,1980,0
Honduras,HND,1981,0
Honduras,HND,1982,0
Honduras,HND,1983,0
Honduras,HND,1984,0
Honduras,HND,1985,0
Honduras,HND,1986,0
Honduras,HND,1987,0
Honduras,HND,1988,0
Honduras,HND,1989,0
Honduras,HND,1990,0
Honduras,HND,1991,0
Honduras,HND,1992,0
Honduras,HND,1993,0
Honduras,HND,1994,0
Honduras,HND,1995,0
Honduras,HND,1996,0
Honduras,HND,1997,0
Honduras,HND,1998,0
Honduras,HND,1999,0
Honduras,HND,2000,0
Honduras,HND,2001,0
Honduras,HND,2002,0
Honduras,HND,2003,0
Honduras,HND,2004,0
Honduras,HND,2005,0
Honduras,HND,2006,0
Honduras,HND,2007,0
Honduras,HND,2008,0
Honduras,HND,2009,0
Honduras,HND,2010,0
Honduras,HND,2011,0
Honduras,HND,2012,0
Honduras,HND,2013,0
Honduras,HND,2014,0
Honduras,HND,2015,0
Honduras,HND,2016,0
Honduras,HND,2017,0
Honduras,HND,2018,0
Honduras,HND,2019,0
Honduras,HND,2020,0
Honduras,HND,2021,0
Hong Kong,HKG,1980,0
Hong Kong,HKG,1981,0
Hong Kong,HKG,1982,0
Hong Kong,HKG,1983,0
Hong Kong,HKG,1984,0
Hong Kong,HKG,1985,0
Hong Kong,HKG,1986,0
Hong Kong,HKG,1987,0
Hong Kong,HKG,1988,0
Hong Kong,HKG,1989,0
Hong Kong,HKG,1990,0
Hong Kong,HKG,1991,0
Hong Kong,HKG,1992,0
Hong Kong,HKG,1993,0
Hong Kong,HKG,1994,0
Hong Kong,HKG,1995,0
Hong Kong,HKG,1996,0
Hong Kong,HKG,1997,0
Hong Kong,HKG,1998,0
Hong Kong,HKG,1999,0
Hong Kong,HKG,2000,0
Hong Kong,HKG,2001,0
Hong Kong,HKG,2002,0
Hong Kong,HKG,2003,0
Hong Kong,HKG,2004,0
Hong Kong,HKG,2005,0
Hong Kong,HKG,2006,0
Hong Kong,HKG,2007,0
Hong Kong,HKG,2008,0
Hong Kong,HKG,2009,0
Hong Kong,HKG,2010,0
Hong Kong,HKG,2011,0
Hong Kong,HKG,2012,0
Hong Kong,HKG,2013,0
Hong Kong,HKG,2014,0
Hong Kong,HKG,2015,0
Hong Kong,HKG,2016,0
Hong Kong,HKG,2017,0
Hong Kong,HKG,2018,0
Hong Kong,HKG,2019,0
Hong Kong,HKG,2020,0
Hong Kong,HKG,2021,0
Hungary,HUN,1992,25199488
Hungary,HUN,1993,23364138
Hungary,HUN,1994,22104162
Hungary,HUN,1995,21009060
Hungary,HUN,1996,20435432
Hungary,HUN,1997,19005660
Hungary,HUN,1998,20316350
Hungary,HUN,1999,20887116
Hungary,HUN,2000,17443450
Hungary,HUN,2001,17443450
Hungary,HUN,2002,17634712
Hungary,HUN,2003,16293655
Hungary,HUN,2004,16293655
Hungary,HUN,2005,16293019
Hungary,HUN,2006,16293019
Hungary,HUN,2007,3208363.8
Hungary,HUN,2008,3208363.8
Hungary,HUN,2009,3208363.8
Hungary,HUN,2010,4223656.5
Hungary,HUN,2011,4223656.5
Hungary,HUN,2012,5043395.5
Hungary,HUN,2013,4343692
Hungary,HUN,2014,4322546.5
Hungary,HUN,2015,3497720.5
Hungary,HUN,2016,4547037
Hungary,HUN,2017,3990581.2
Hungary,HUN,2018,3243341
Hungary,HUN,2019,3243341
Hungary,HUN,2020,2909467.8
Hungary,HUN,2021,1923746.4
Iceland,ISL,1980,0
Iceland,ISL,1981,0
Iceland,ISL,1982,0
Iceland,ISL,1983,0
Iceland,ISL,1984,0
Iceland,ISL,1985,0
Iceland,ISL,1986,0
Iceland,ISL,1987,0
Iceland,ISL,1988,0
Iceland,ISL,1989,0
Iceland,ISL,1990,0
Iceland,ISL,1991,0
Iceland,ISL,1992,0
Iceland,ISL,1993,0
Iceland,ISL,1994,0
Iceland,ISL,1995,0
Iceland,ISL,1996,0
Iceland,ISL,1997,0
Iceland,ISL,1998,0
Iceland,ISL,1999,0
Iceland,ISL,2000,0
Iceland,ISL,2001,0
Iceland,ISL,2002,0
Iceland,ISL,2003,0
Iceland,ISL,2004,0
Iceland,ISL,2005,0
Iceland,ISL,2006,0
Iceland,ISL,2007,0
Iceland,ISL,2008,0
Iceland,ISL,2009,0
Iceland,ISL,2010,0
Iceland,ISL,2011,0
Iceland,ISL,2012,0
Iceland,ISL,2013,0
Iceland,ISL,2014,0
Iceland,ISL,2015,0
Iceland,ISL,2016,0
Iceland,ISL,2017,0
Iceland,ISL,2018,0
Iceland,ISL,2019,0
Iceland,ISL,2020,0
Iceland,ISL,2021,0
India,IND,1980,413366980
India,IND,1981,410187230
India,IND,1982,424814050
India,IND,1983,543164200
India,IND,1984,554070700
India,IND,1985,556455550
India,IND,1986,593976600
India,IND,1987,668191800
India,IND,1988,675696000
India,IND,1989,1010237060
India,IND,1990,1195012100
India,IND,1991,1271437300
India,IND,1992,974073860
India,IND,1993,961725000
India,IND,1994,941340900
India,IND,1995,918310660
India,IND,1996,924352200
India,IND,1997,688902140
India,IND,1998,689953340
India,IND,1999,631496450
India,IND,2000,769148740
India,IND,2001,751668100
India,IND,2002,769522370
India,IND,2003,853312400
India,IND,2004,853952600
India,IND,2005,861213600
India,IND,2006,929732300
India,IND,2007,894246340
India,IND,2008,894246340
India,IND,2009,894246340
India,IND,2010,894246340
India,IND,2011,903365900
India,IND,2012,891338430
India,IND,2013,870636400
India,IND,2014,897132600
India,IND,2015,902218940
India,IND,2016,751817540
India,IND,2017,734890700
India,IND,2018,714569000
India,IND,2019,703201800
India,IND,2020,703201800
India,IND,2021,732122900
Indonesia,IDN,1980,1526278100
Indonesia,IDN,1981,1510379400
Indonesia,IDN,1982,1558075500
Indonesia,IDN,1983,1518328700
Indonesia,IDN,1984,1446784500
Indonesia,IDN,1985,1375240100
Indonesia,IDN,1986,1351392000
Indonesia,IDN,1987,1319594600
Indonesia,IDN,1988,1335493200
Indonesia,IDN,1989,1311645200
Indonesia,IDN,1990,1303695900
Indonesia,IDN,1991,1756809700
Indonesia,IDN,1992,1046342000
Indonesia,IDN,1993,918787600
Indonesia,IDN,1994,918787600
Indonesia,IDN,1995,918787600
Indonesia,IDN,1996,821466200
Indonesia,IDN,1997,791710660
Indonesia,IDN,1998,791710660
Indonesia,IDN,1999,791710660
Indonesia,IDN,2000,791710660
Indonesia,IDN,2001,791710660
Indonesia,IDN,2002,794936500
Indonesia,IDN,2003,794936500
Indonesia,IDN,2004,747240260
Indonesia,IDN,2005,747240260
Indonesia,IDN,2006,683804400
Indonesia,IDN,2007,683645440
Indonesia,IDN,2008,694774460
Indonesia,IDN,2009,634359360
Indonesia,IDN,2010,634359360
Indonesia,IDN,2011,634359360
Indonesia,IDN,2012,617719740
Indonesia,IDN,2013,640718850
Indonesia,IDN,2014,594823940
Indonesia,IDN,2015,594823940
Indonesia,IDN,2016,587060600
Indonesia,IDN,2017,572354240
Indonesia,IDN,2018,526247970
Indonesia,IDN,2019,503989760
Indonesia,IDN,2020,500810020
Indonesia,IDN,2021,394288500
Iran,IRN,1980,9221263000
Iran,IRN,1981,9141770000
Iran,IRN,1982,9062276000
Iran,IRN,1983,8793269000
Iran,IRN,1984,8108352500
Iran,IRN,1985,7710884000
Iran,IRN,1986,7611675600
Iran,IRN,1987,7758580000
Iran,IRN,1988,14761971000
Iran,IRN,1989,14761971000
Iran,IRN,1990,14763561000
Iran,IRN,1991,14761971000
Iran,IRN,1992,14763561000
Iran,IRN,1993,14763561000
Iran,IRN,1994,14763561000
Iran,IRN,1995,14189616000
Iran,IRN,1996,14022680000
Iran,IRN,1997,14785819000
Iran,IRN,1998,14785819000
Iran,IRN,1999,14261160000
Iran,IRN,2000,14261160000
Iran,IRN,2001,14261160000
Iran,IRN,2002,14261160000
Iran,IRN,2003,14261160000
Iran,IRN,2004,20000602000
Iran,IRN,2005,20000602000
Iran,IRN,2006,21059460000
Iran,IRN,2007,21665200000
Iran,IRN,2008,22003841000
Iran,IRN,2009,21646119000
Iran,IRN,2010,21879830000
Iran,IRN,2011,21782850000
Iran,IRN,2012,24034110000
Iran,IRN,2013,24576258000
Iran,IRN,2014,25008703000
Iran,IRN,2015,25088197000
Iran,IRN,2016,25045268000
Iran,IRN,2017,25183588000
Iran,IRN,2018,24992803000
Iran,IRN,2019,24738425000
Iran,IRN,2020,24738425000
Iran,IRN,2021,33164750000
Iraq,IRQ,1980,4928606000
Iraq,IRQ,1981,4769619000
Iraq,IRQ,1982,4721923000
Iraq,IRQ,1983,6518479400
Iraq,IRQ,1984,6836454000
Iraq,IRQ,1985,7074935000
Iraq,IRQ,1986,7012930000
Iraq,IRQ,1987,7488301600
Iraq,IRQ,1988,15898730000
Iraq,IRQ,1989,15898730000
Iraq,IRQ,1990,15898730000
Iraq,IRQ,1991,15898730000
Iraq,IRQ,1992,15898730000
Iraq,IRQ,1993,15898730000
Iraq,IRQ,1994,15898730000
Iraq,IRQ,1995,15898730000
Iraq,IRQ,1996,15898730000
Iraq,IRQ,1997,17806578000
Iraq,IRQ,1998,17886070000
Iraq,IRQ,1999,17886070000
Iraq,IRQ,2000,17886070000
Iraq,IRQ,2001,17886070000
Iraq,IRQ,2002,17886070000
Iraq,IRQ,2003,17886070000
Iraq,IRQ,2004,18283540000
Iraq,IRQ,2005,18283540000
Iraq,IRQ,2006,18283540000
Iraq,IRQ,2007,18283540000
Iraq,IRQ,2008,18283540000
Iraq,IRQ,2009,18283540000
Iraq,IRQ,2010,18283540000
Iraq,IRQ,2011,18283540000
Iraq,IRQ,2012,22751085000
Iraq,IRQ,2013,22472856000
Iraq,IRQ,2014,22305920000
Iraq,IRQ,2015,22927716000
Iraq,IRQ,2016,22746155000
Iraq,IRQ,2017,22656168000
Iraq,IRQ,2018,23651906000
Iraq,IRQ,2019,23406588000
Iraq,IRQ,2020,23056180000
Iraq,IRQ,2021,23056180000
Ireland,IRL,1980,0
Ireland,IRL,1981,0
Ireland,IRL,1982,0
Ireland,IRL,1983,0
Ireland,IRL,1984,0
Ireland,IRL,1985,0
Ireland,IRL,1986,0
Ireland,IRL,1987,0
Ireland,IRL,1988,0
Ireland,IRL,1989,0
Ireland,IRL,1990,0
Ireland,IRL,1991,0
Ireland,IRL,1992,0
Ireland,IRL,1993,0
Ireland,IRL,1994,0
Ireland,IRL,1995,0
Ireland,IRL,1996,0
Ireland,IRL,1997,0
Ireland,IRL,1998,0
Ireland,IRL,1999,0
Ireland,IRL,2000,0
Ireland,IRL,2001,0
Ireland,IRL,2002,0
Ireland,IRL,2003,0
Ireland,IRL,2004,0
Ireland,IRL,2005,0
Ireland,IRL,2006,0
Ireland,IRL,2007,0
Ireland,IRL,2008,0
Ireland,IRL,2009,0
Ireland,IRL,2010,0
Ireland,IRL,2011,0
Ireland,IRL,2012,0
Ireland,IRL,2013,0
Ireland,IRL,2014,0
Ireland,IRL,2015,0
Ireland,IRL,2016,0
Ireland,IRL,2017,0
Ireland,IRL,2018,0
Ireland,IRL,2019,0
Ireland,IRL,2020,0
Ireland,IRL,2021,0
Israel,ISR,1980,158987.31
Israel,ISR,1981,158987.31
Israel,ISR,1982,151037.94
Israel,ISR,1983,141975.66
Israel,ISR,1984,127189.836
Israel,ISR,1985,119240.48
Israel,ISR,1986,112880.984
Israel,ISR,1987,111291.11
Israel,ISR,1988,111291.11
Israel,ISR,1989,257400.44
Israel,ISR,1990,235778.17
Israel,ISR,1991,222582.22
Israel,ISR,1992,204934.64
Israel,ISR,1993,543418.56
Israel,ISR,1994,532766.44
Israel,ISR,1995,523863.16
Israel,ISR,1996,652960.8
Israel,ISR,1997,650258.06
Israel,ISR,1998,640718.8
Israel,ISR,1999,624820.1
Israel,ISR,2000,620050.44
Israel,ISR,2001,615280.8
Israel,ISR,2002,610511.2
Israel,ISR,2003,605741.6
Israel,ISR,2004,600972
Israel,ISR,2005,317974.62
Israel,ISR,2006,317974.62
Israel,ISR,2007,311615.12
Israel,ISR,2008,308435.38
Israel,ISR,2009,308435.38
Israel,ISR,2010,308435.38
Israel,ISR,2011,308435.38
Israel,ISR,2012,1876050.2
Israel,ISR,2013,1828354
Israel,ISR,2014,2207538.8
Israel,ISR,2015,2218349.8
Israel,ISR,2016,2218349.8
Israel,ISR,2017,2023908.2
Israel,ISR,2018,2023908.2
Israel,ISR,2019,2023908.2
Israel,ISR,2020,2023908.2
Israel,ISR,2021,2023908.2
Italy,ITA,1980,102546810
Italy,ITA,1981,101751870
Italy,ITA,1982,99367064
Italy,ITA,1983,111768070
Italy,ITA,1984,127189840
Italy,ITA,1985,127189840
Italy,ITA,1986,117650600
Italy,ITA,1987,114749090
Italy,ITA,1988,117491620
Italy,ITA,1989,117491620
Italy,ITA,1990,115600140
Italy,ITA,1991,110258180
Italy,ITA,1992,110043540
Italy,ITA,1993,118759850
Italy,ITA,1994,98651624
Italy,ITA,1995,98651624
Italy,ITA,1996,98651624
Italy,ITA,1997,108845096
Italy,ITA,1998,115944664
Italy,ITA,1999,98852420
Italy,ITA,2000,98852420
Italy,ITA,2001,98852420
Italy,ITA,2002,98852420
Italy,ITA,2003,98842400
Italy,ITA,2004,98842400
Italy,ITA,2005,98842400
Italy,ITA,2006,98842400
Italy,ITA,2007,95392380
Italy,ITA,2008,64628340
Italy,ITA,2009,64628340
Italy,ITA,2010,67359420
Italy,ITA,2011,75748700
Italy,ITA,2012,83174210
Italy,ITA,2013,82876900
Italy,ITA,2014,89113020
Italy,ITA,2015,86572080
Italy,ITA,2016,92090530
Italy,ITA,2017,88511416
Italy,ITA,2018,77552730
Italy,ITA,2019,84963930
Italy,ITA,2020,82344770
Italy,ITA,2021,79165180
Jamaica,JAM,1980,0
Jamaica,JAM,1981,0
Jamaica,JAM,1982,0
Jamaica,JAM,1983,0
Jamaica,JAM,1984,0
Jamaica,JAM,1985,0
Jamaica,JAM,1986,0
Jamaica,JAM,1987,0
Jamaica,JAM,1988,0
Jamaica,JAM,1989,0
Jamaica,JAM,1990,0
Jamaica,JAM,1991,0
Jamaica,JAM,1992,0
Jamaica,JAM,1993,0
Jamaica,JAM,1994,0
Jamaica,JAM,1995,0
Jamaica,JAM,1996,0
Jamaica,JAM,1997,0
Jamaica,JAM,1998,0
Jamaica,JAM,1999,0
Jamaica,JAM,2000,0
Jamaica,JAM,2001,0
Jamaica,JAM,2002,0
Jamaica,JAM,2003,0
Jamaica,JAM,2004,0
Jamaica,JAM,2005,0
Jamaica,JAM,2006,0
Jamaica,JAM,2007,0
Jamaica,JAM,2008,0
Jamaica,JAM,2009,0
Jamaica,JAM,2010,0
Jamaica,JAM,2011,0
Jamaica,JAM,2012,0
Jamaica,JAM,2013,0
Jamaica,JAM,2014,0
Jamaica,JAM,2015,0
Jamaica,JAM,2016,0
Jamaica,JAM,2017,0
Jamaica,JAM,2018,0
Jamaica,JAM,2019,0
Jamaica,JAM,2020,0
Jamaica,JAM,2021,0
Japan,JPN,1980,8744301
Japan,JPN,1981,8267340
Japan,JPN,1982,11129111
Japan,JPN,1983,9539238
Japan,JPN,1984,9221263
Japan,JPN,1985,8903289
Japan,JPN,1986,9857212
Japan,JPN,1987,9062276
Japan,JPN,1988,9028889
Japan,JPN,1989,8664808
Japan,JPN,1990,9669290
Japan,JPN,1991,10019221
Japan,JPN,1992,9499968
Japan,JPN,1993,9515390
Japan,JPN,1994,8623948
Japan,JPN,1995,7842685
Japan,JPN,1996,7770186.5
Japan,JPN,1997,8014073
Japan,JPN,1998,9569287
Japan,JPN,1999,9569287
Japan,JPN,2000,9312999
Japan,JPN,2001,9312999
Japan,JPN,2002,9312999
Japan,JPN,2003,9300757
Japan,JPN,2004,9300757
Japan,JPN,2005,9300757
Japan,JPN,2006,9300757
Japan,JPN,2007,9300757
Japan,JPN,2008,7013724.5
Japan,JPN,2009,7013724.5
Japan,JPN,2010,7013724.5
Japan,JPN,2011,7013724.5
Japan,JPN,2012,7013724.5
Japan,JPN,2013,7013724.5
Japan,JPN,2014,7013724.5
Japan,JPN,2015,7013724.5
Japan,JPN,2016,7013724.5
Japan,JPN,2017,7013724.5
Japan,JPN,2018,7013724.5
Japan,JPN,2019,7013724.5
Japan,JPN,2020,7013724.5
Japan,JPN,2021,7013724.5
Jordan,JOR,1988,1907847.6
Jordan,JOR,1989,794936.5
Jordan,JOR,1990,794936.5
Jordan,JOR,1991,3179746
Jordan,JOR,1992,794936.5
Jordan,JOR,1993,635949.25
Jordan,JOR,1994,158987.31
Jordan,JOR,1995,47696.19
Jordan,JOR,1996,47696.19
Jordan,JOR,1997,47696.19
Jordan,JOR,1998,47696.19
Jordan,JOR,1999,47696.19
Jordan,JOR,2000,143088.56
Jordan,JOR,2001,141498.7
Jordan,JOR,2002,141498.7
Jordan,JOR,2003,141498.7
Jordan,JOR,2004,158987.31
Jordan,JOR,2005,158987.31
Jordan,JOR,2006,158987.31
Jordan,JOR,2007,158987.31
Jordan,JOR,2008,158987.31
Jordan,JOR,2009,158987.31
Jordan,JOR,2010,158987.31
Jordan,JOR,2011,158987.31
Jordan,JOR,2012,158987.31
Jordan,JOR,2013,158987.31
Jordan,JOR,2014,158987.31
Jordan,JOR,2015,158987.31
Jordan,JOR,2016,158987.31
Jordan,JOR,2017,158987.31
Jordan,JOR,2018,158987.31
Jordan,JOR,2019,158987.31
Jordan,JOR,2020,158987.31
Jordan,JOR,2021,158987.31
Kazakhstan,KAZ,1997,861234200
Kazakhstan,KAZ,1998,861234200
Kazakhstan,KAZ,1999,861234200
Kazakhstan,KAZ,2000,861234200
Kazakhstan,KAZ,2001,861234200
Kazakhstan,KAZ,2002,861234200
Kazakhstan,KAZ,2003,1430885800
Kazakhstan,KAZ,2004,1430885800
Kazakhstan,KAZ,2005,1430885800
Kazakhstan,KAZ,2006,1430885800
Kazakhstan,KAZ,2007,4769619000
Kazakhstan,KAZ,2008,4769619000
Kazakhstan,KAZ,2009,4769619000
Kazakhstan,KAZ,2010,4769619000
Kazakhstan,KAZ,2011,4769619000
Kazakhstan,KAZ,2012,4769619000
Kazakhstan,KAZ,2013,4769619000
Kazakhstan,KAZ,2014,4769619000
Kazakhstan,KAZ,2015,4769619000
Kazakhstan,KAZ,2016,4769619000
Kazakhstan,KAZ,2017,4769619000
Kazakhstan,KAZ,2018,4769619000
Kazakhstan,KAZ,2019,4769619000
Kazakhstan,KAZ,2020,4769619000
Kazakhstan,KAZ,2021,4769619000
Kenya,KEN,1980,0
Kenya,KEN,1981,0
Kenya,KEN,1982,0
Kenya,KEN,1983,0
Kenya,KEN,1984,0
Kenya,KEN,1985,0
Kenya,KEN,1986,0
Kenya,KEN,1987,0
Kenya,KEN,1988,0
Kenya,KEN,1989,0
Kenya,KEN,1990,0
Kenya,KEN,1991,0
Kenya,KEN,1992,0
Kenya,KEN,1993,0
Kenya,KEN,1994,0
Kenya,KEN,1995,0
Kenya,KEN,1996,0
Kenya,KEN,1997,0
Kenya,KEN,1998,0
Kenya,KEN,1999,0
Kenya,KEN,2000,0
Kenya,KEN,2001,0
Kenya,KEN,2002,0
Kenya,KEN,2003,0
Kenya,KEN,2004,0
Kenya,KEN,2005,0
Kenya,KEN,2006,0
Kenya,KEN,2007,0
Kenya,KEN,2008,0
Kenya,KEN,2009,0
Kenya,KEN,2010,0
Kenya,KEN,2011,0
Kenya,KEN,2012,0
Kenya,KEN,2013,0
Kenya,KEN,2014,0
Kenya,KEN,2015,0
Kenya,KEN,2016,0
Kenya,KEN,2017,0
Kenya,KEN,2018,0
Kenya,KEN,2019,0
Kenya,KEN,2020,0
Kenya,KEN,2021,0
Kiribati,KIR,1980,0
Kiribati,KIR,1981,0
Kiribati,KIR,1982,0
Kiribati,KIR,1983,0
Kiribati,KIR,1984,0
Kiribati,KIR,1985,0
Kiribati,KIR,1986,0
Kiribati,KIR,1987,0
Kiribati,KIR,1988,0
Kiribati,KIR,1989,0
Kiribati,KIR,1990,0
Kiribati,KIR,1991,0
Kiribati,KIR,1992,0
Kiribati,KIR,1993,0
Kiribati,KIR,1994,0
Kiribati,KIR,1995,0
Kiribati,KIR,1996,0
Kiribati,KIR,1997,0
Kiribati,KIR,1998,0
Kiribati,KIR,1999,0
Kiribati,KIR,2000,0
Kiribati,KIR,2001,0
Kiribati,KIR,2002,0
Kiribati,KIR,2003,0
Kiribati,KIR,2004,0
Kiribati,KIR,2005,0
Kiribati,KIR,2006,0
Kiribati,KIR,2007,0
Kiribati,KIR,2008,0
Kiribati,KIR,2009,0
Kiribati,KIR,2010,0
Kiribati,KIR,2011,0
Kiribati,KIR,2012,0
Kiribati,KIR,2013,0
Kiribati,KIR,2014,0
Kiribati,KIR,2015,0
Kiribati,KIR,2016,0
Kiribati,KIR,2017,0
Kiribati,KIR,2018,0
Kiribati,KIR,2019,0
Kiribati,KIR,2020,0
Kiribati,KIR,2021,0
Kosovo,OWID_KOS,2008,0
Kosovo,OWID_KOS,2009,0
Kosovo,OWID_KOS,2010,0
Kosovo,OWID_KOS,2011,0
Kosovo,OWID_KOS,2012,0
Kosovo,OWID_KOS,2013,0
Kosovo,OWID_KOS,2014,0
Kosovo,OWID_KOS,2015,0
Kosovo,OWID_KOS,2016,0
Kosovo,OWID_KOS,2017,0
Kosovo,OWID_KOS,2018,0
Kosovo,OWID_KOS,2019,0
Kosovo,OWID_KOS,2020,0
Kosovo,OWID_KOS,2021,0
Kuwait,KWT,1980,10895400000
Kuwait,KWT,1981,10800007000
Kuwait,KWT,1982,10768210000
Kuwait,KWT,1983,10675998000
Kuwait,KWT,1984,10612005000
Kuwait,KWT,1985,14739712000
Kuwait,KWT,1986,14700601000
Kuwait,KWT,1987,15027813000
Kuwait,KWT,1988,15028275000
Kuwait,KWT,1989,15028275000
Kuwait,KWT,1990,15441641000
Kuwait,KWT,1991,15425743000
Kuwait,KWT,1992,15342275000
Kuwait,KWT,1993,15342275000
Kuwait,KWT,1994,15342275000
Kuwait,KWT,1995,15342275000
Kuwait,KWT,1996,15342275000
Kuwait,KWT,1997,15342275000
Kuwait,KWT,1998,15342275000
Kuwait,KWT,1999,15342275000
Kuwait,KWT,2000,15342275000
Kuwait,KWT,2001,15342275000
Kuwait,KWT,2002,15342275000
Kuwait,KWT,2003,15342275000
Kuwait,KWT,2004,15739742000
Kuwait,KWT,2005,16137211000
Kuwait,KWT,2006,16137211000
Kuwait,KWT,2007,16137211000
Kuwait,KWT,2008,16137211000
Kuwait,KWT,2009,16137211000
Kuwait,KWT,2010,16137211000
Kuwait,KWT,2011,16137211000
Kuwait,KWT,2012,16137211000
Kuwait,KWT,2013,16137211000
Kuwait,KWT,2014,16137211000
Kuwait,KWT,2015,16137211000
Kuwait,KWT,2016,16137211000
Kuwait,KWT,2017,16137211000
Kuwait,KWT,2018,16137211000
Kuwait,KWT,2019,16137211000
Kuwait,KWT,2020,16137211000
Kuwait,KWT,2021,16137211000
Kyrgyzstan,KGZ,1997,6359492
Kyrgyzstan,KGZ,1998,6359492
Kyrgyzstan,KGZ,1999,6359492
Kyrgyzstan,KGZ,2000,6359492
Kyrgyzstan,KGZ,2001,6359492
Kyrgyzstan,KGZ,2002,6359492
Kyrgyzstan,KGZ,2003,6359492
Kyrgyzstan,KGZ,2004,6359492
Kyrgyzstan,KGZ,2005,6359492
Kyrgyzstan,KGZ,2006,6359492
Kyrgyzstan,KGZ,2007,6359492
Kyrgyzstan,KGZ,2008,6359492
Kyrgyzstan,KGZ,2009,6359492
Kyrgyzstan,KGZ,2010,6359492
Kyrgyzstan,KGZ,2011,6359492
Kyrgyzstan,KGZ,2012,6359492
Kyrgyzstan,KGZ,2013,6359492
Kyrgyzstan,KGZ,2014,6359492
Kyrgyzstan,KGZ,2015,6359492
Kyrgyzstan,KGZ,2016,6359492
Kyrgyzstan,KGZ,2017,6359492
Kyrgyzstan,KGZ,2018,6359492
Kyrgyzstan,KGZ,2019,6359492
Kyrgyzstan,KGZ,2020,6359492
Kyrgyzstan,KGZ,2021,6359492
Laos,LAO,1980,0
Laos,LAO,1981,0
Laos,LAO,1982,0
Laos,LAO,1983,0
Laos,LAO,1984,0
Laos,LAO,1985,0
Laos,LAO,1986,0
Laos,LAO,1987,0
Laos,LAO,1988,0
Laos,LAO,1989,0
Laos,LAO,1990,0
Laos,LAO,1991,0
Laos,LAO,1992,0
Laos,LAO,1993,0
Laos,LAO,1994,0
Laos,LAO,1995,0
Laos,LAO,1996,0
Laos,LAO,1997,0
Laos,LAO,1998,0
Laos,LAO,1999,0
Laos,LAO,2000,0
Laos,LAO,2001,0
Laos,LAO,2002,0
Laos,LAO,2003,0
Laos,LAO,2004,0
Laos,LAO,2005,0
Laos,LAO,2006,0
Laos,LAO,2007,0
Laos,LAO,2008,0
Laos,LAO,2009,0
Laos,LAO,2010,0
Laos,LAO,2011,0
Laos,LAO,2012,0
Laos,LAO,2013,0
Laos,LAO,2014,0
Laos,LAO,2015,0
Laos,LAO,2016,0
Laos,LAO,2017,0
Laos,LAO,2018,0
Laos,LAO,2019,0
Laos,LAO,2020,0
Laos,LAO,2021,0
Latvia,LVA,1997,0
Latvia,LVA,1998,0
Latvia,LVA,1999,0
Latvia,LVA,2000,0
Latvia,LVA,2001,0
Latvia,LVA,2002,0
Latvia,LVA,2003,0
Latvia,LVA,2004,0
Latvia,LVA,2005,0
Latvia,LVA,2006,0
Latvia,LVA,2007,0
Latvia,LVA,2008,0
Latvia,LVA,2009,0
Latvia,LVA,2010,0
Latvia,LVA,2011,0
Latvia,LVA,2012,0
Latvia,LVA,2013,0
Latvia,LVA,2014,0
Latvia,LVA,2015,0
Latvia,LVA,2016,0
Latvia,LVA,2017,0
Latvia,LVA,2018,0
Latvia,LVA,2019,0
Latvia,LVA,2020,0
Latvia,LVA,2021,0
Lebanon,LBN,1980,0
Lebanon,LBN,1981,0
Lebanon,LBN,1982,0
Lebanon,LBN,1983,0
Lebanon,LBN,1984,0
Lebanon,LBN,1985,0
Lebanon,LBN,1986,0
Lebanon,LBN,1987,0
Lebanon,LBN,1988,0
Lebanon,LBN,1989,0
Lebanon,LBN,1990,0
Lebanon,LBN,1991,0
Lebanon,LBN,1992,0
Lebanon,LBN,1993,0
Lebanon,LBN,1994,0
Lebanon,LBN,1995,0
Lebanon,LBN,1996,0
Lebanon,LBN,1997,0
Lebanon,LBN,1998,0
Lebanon,LBN,1999,0
Lebanon,LBN,2000,0
Lebanon,LBN,2001,0
Lebanon,LBN,2002,0
Lebanon,LBN,2003,0
Lebanon,LBN,2004,0
Lebanon,LBN,2005,0
Lebanon,LBN,2006,0
Lebanon,LBN,2007,0
Lebanon,LBN,2008,0
Lebanon,LBN,2009,0
Lebanon,LBN,2010,0
Lebanon,LBN,2011,0
Lebanon,LBN,2012,0
Lebanon,LBN,2013,0
Lebanon,LBN,2014,0
Lebanon,LBN,2015,0
Lebanon,LBN,2016,0
Lebanon,LBN,2017,0
Lebanon,LBN,2018,0
Lebanon,LBN,2019,0
Lebanon,LBN,2020,0
Lebanon,LBN,2021,0
Lesotho,LSO,1980,0
Lesotho,LSO,1981,0
Lesotho,LSO,1982,0
Lesotho,LSO,1983,0
Lesotho,LSO,1984,0
Lesotho,LSO,1985,0
Lesotho,LSO,1986,0
Lesotho,LSO,1987,0
Lesotho,LSO,1988,0
Lesotho,LSO,1989,0
Lesotho,LSO,1990,0
Lesotho,LSO,1991,0
Lesotho,LSO,1992,0
Lesotho,LSO,1993,0
Lesotho,LSO,1994,0
Lesotho,LSO,1995,0
Lesotho,LSO,1996,0
Lesotho,LSO,1997,0
Lesotho,LSO,1998,0
Lesotho,LSO,1999,0
Lesotho,LSO,2000,0
Lesotho,LSO,2001,0
Lesotho,LSO,2002,0
Lesotho,LSO,2003,0
Lesotho,LSO,2004,0
Lesotho,LSO,2005,0
Lesotho,LSO,2006,0
Lesotho,LSO,2007,0
Lesotho,LSO,2008,0
Lesotho,LSO,2009,0
Lesotho,LSO,2010,0
Lesotho,LSO,2011,0
Lesotho,LSO,2012,0
Lesotho,LSO,2013,0
Lesotho,LSO,2014,0
Lesotho,LSO,2015,0
Lesotho,LSO,2016,0
Lesotho,LSO,2017,0
Lesotho,LSO,2018,0
Lesotho,LSO,2019,0
Lesotho,LSO,2020,0
Lesotho,LSO,2021,0
Liberia,LBR,1980,0
Liberia,LBR,1981,0
Liberia,LBR,1982,0
Liberia,LBR,1983,0
Liberia,LBR,1984,0
Liberia,LBR,1985,0
Liberia,LBR,1986,0
Liberia,LBR,1987,0
Liberia,LBR,1988,0
Liberia,LBR,1989,0
Liberia,LBR,1990,0
Liberia,LBR,1991,0
Liberia,LBR,1992,0
Liberia,LBR,1993,0
Liberia,LBR,1994,0
Liberia,LBR,1995,0
Liberia,LBR,1996,0
Liberia,LBR,1997,0
Liberia,LBR,1998,0
Liberia,LBR,1999,0
Liberia,LBR,2000,0
Liberia,LBR,2001,0
Liberia,LBR,2002,0
Liberia,LBR,2003,0
Liberia,LBR,2004,0
Liberia,LBR,2005,0
Liberia,LBR,2006,0
Liberia,LBR,2007,0
Liberia,LBR,2008,0
Liberia,LBR,2009,0
Liberia,LBR,2010,0
Liberia,LBR,2011,0
Liberia,LBR,2012,0
Liberia,LBR,2013,0
Liberia,LBR,2014,0
Liberia,LBR,2015,0
Liberia,LBR,2016,0
Liberia,LBR,2017,0
Liberia,LBR,2018,0
Liberia,LBR,2019,0
Liberia,LBR,2020,0
Liberia,LBR,2021,0
Libya,LBY,1980,3736201500
Libya,LBY,1981,3656707800
Libya,LBY,1982,3593113000
Libya,LBY,1983,3418227000
Libya,LBY,1984,3381660000
Libya,LBY,1985,3354632200
Libya,LBY,1986,3386429400
Libya,LBY,1987,3386429400
Libya,LBY,1988,3338733300
Libya,LBY,1989,3497720600
Libya,LBY,1990,3624910300
Libya,LBY,1991,3624910300
Libya,LBY,1992,3624910300
Libya,LBY,1993,3624910300
Libya,LBY,1994,3624910300
Libya,LBY,1995,3624910300
Libya,LBY,1996,4690125300
Libya,LBY,1997,4690125300
Libya,LBY,1998,4690125300
Libya,LBY,1999,4690125300
Libya,LBY,2000,4690125300
Libya,LBY,2001,4690125300
Libya,LBY,2002,4690125300
Libya,LBY,2003,4690125300
Libya,LBY,2004,5723543000
Libya,LBY,2005,6200505000
Libya,LBY,2006,6220537000
Libya,LBY,2007,6592249300
Libya,LBY,2008,6592249300
Libya,LBY,2009,6941385700
Libya,LBY,2010,7038368000
Libya,LBY,2011,7380190000
Libya,LBY,2012,7488301600
Libya,LBY,2013,7632980000
Libya,LBY,2014,7706114600
Libya,LBY,2015,7689103000
Libya,LBY,2016,7689103000
Libya,LBY,2017,7689103000
Libya,LBY,2018,7689103000
Libya,LBY,2019,7689103000
Libya,LBY,2020,7689103000
Libya,LBY,2021,7689103000
Lithuania,LTU,1997,1907847.6
Lithuania,LTU,1998,1907847.6
Lithuania,LTU,1999,1907847.6
Lithuania,LTU,2000,1907847.6
Lithuania,LTU,2001,1907847.6
Lithuania,LTU,2002,1907847.6
Lithuania,LTU,2003,1907847.6
Lithuania,LTU,2004,1907847.6
Lithuania,LTU,2005,1907847.6
Lithuania,LTU,2006,1907847.6
Lithuania,LTU,2007,1907847.6
Lithuania,LTU,2008,1907847.6
Lithuania,LTU,2009,1907847.6
Lithuania,LTU,2010,1907847.6
Lithuania,LTU,2011,1907847.6
Lithuania,LTU,2012,1907847.6
Lithuania,LTU,2013,1907847.6
Lithuania,LTU,2014,1907847.6
Lithuania,LTU,2015,1907847.6
Lithuania,LTU,2016,1907847.6
Lithuania,LTU,2017,1907847.6
Lithuania,LTU,2018,1907847.6
Lithuania,LTU,2019,1907847.6
Lithuania,LTU,2020,1907847.6
Lithuania,LTU,2021,1907847.6
Low-income countries,OWID_LIC,1980,339437900
Low-income countries,OWID_LIC,1981,329103740
Low-income countries,OWID_LIC,1982,355336600
Low-income countries,OWID_LIC,1983,327513820
Low-income countries,OWID_LIC,1984,302075870
Low-income countries,OWID_LIC,1985,295716380
Low-income countries,OWID_LIC,1986,325924000
Low-income countries,OWID_LIC,1987,367578660
Low-income countries,OWID_LIC,1988,431173570
Low-income countries,OWID_LIC,1989,1034398460
Low-income countries,OWID_LIC,1990,973975300
Low-income countries,OWID_LIC,1991,962769900
Low-income countries,OWID_LIC,1992,983654460
Low-income countries,OWID_LIC,1993,983654460
Low-income countries,OWID_LIC,1994,983654460
Low-income countries,OWID_LIC,1995,1110844300
Low-income countries,OWID_LIC,1996,1110844300
Low-income countries,OWID_LIC,1997,1110912400
Low-income countries,OWID_LIC,1998,1104886800
Low-income countries,OWID_LIC,1999,1104886800
Low-income countries,OWID_LIC,2000,1104886800
Low-income countries,OWID_LIC,2001,1104886800
Low-income countries,OWID_LIC,2002,1152726000
Low-income countries,OWID_LIC,2003,1152726000
Low-income countries,OWID_LIC,2004,1152726000
Low-income countries,OWID_LIC,2005,1152726000
Low-income countries,OWID_LIC,2006,1391206900
Low-income countries,OWID_LIC,2007,1936533200
Low-income countries,OWID_LIC,2008,1936533200
Low-income countries,OWID_LIC,2009,1936533200
Low-income countries,OWID_LIC,2010,1936533200
Low-income countries,OWID_LIC,2011,2095520600
Low-income countries,OWID_LIC,2012,2095520600
Low-income countries,OWID_LIC,2013,2357849600
Low-income countries,OWID_LIC,2014,2357849600
Low-income countries,OWID_LIC,2015,2357849600
Low-income countries,OWID_LIC,2016,2357849600
Low-income countries,OWID_LIC,2017,2357849600
Low-income countries,OWID_LIC,2018,2357849600
Low-income countries,OWID_LIC,2019,2357849600
Low-income countries,OWID_LIC,2020,2357849600
Low-income countries,OWID_LIC,2021,2357849600
Lower-middle-income countries,OWID_LMC,1980,7250155000
Lower-middle-income countries,OWID_LMC,1981,7044707300
Lower-middle-income countries,OWID_LMC,1982,7546273300
Lower-middle-income countries,OWID_LMC,1983,7991320000
Lower-middle-income countries,OWID_LMC,1984,8513995300
Lower-middle-income countries,OWID_LMC,1985,8624273000
Lower-middle-income countries,OWID_LMC,1986,8817364000
Lower-middle-income countries,OWID_LMC,1987,8522967000
Lower-middle-income countries,OWID_LMC,1988,13632080000
Lower-middle-income countries,OWID_LMC,1989,14405337000
Lower-middle-income countries,OWID_LMC,1990,14671391000
Lower-middle-income countries,OWID_LMC,1991,15004644000
Lower-middle-income countries,OWID_LMC,1992,14790393000
Lower-middle-income countries,OWID_LMC,1993,15635452000
Lower-middle-income countries,OWID_LMC,1994,15683893000
Lower-middle-income countries,OWID_LMC,1995,15887430000
Lower-middle-income countries,OWID_LMC,1996,16495539000
Lower-middle-income countries,OWID_LMC,1997,15516262000
Lower-middle-income countries,OWID_LMC,1998,16824866000
Lower-middle-income countries,OWID_LMC,1999,17779163000
Lower-middle-income countries,OWID_LMC,2000,17828975000
Lower-middle-income countries,OWID_LMC,2001,18535406000
Lower-middle-income countries,OWID_LMC,2002,18926051000
Lower-middle-income countries,OWID_LMC,2003,19192850000
Lower-middle-income countries,OWID_LMC,2004,19348716000
Lower-middle-income countries,OWID_LMC,2005,20914370000
Lower-middle-income countries,OWID_LMC,2006,21468353000
Lower-middle-income countries,OWID_LMC,2007,21974245000
Lower-middle-income countries,OWID_LMC,2008,23203353000
Lower-middle-income countries,OWID_LMC,2009,25187785000
Lower-middle-income countries,OWID_LMC,2010,25412592000
Lower-middle-income countries,OWID_LMC,2011,43409203000
Lower-middle-income countries,OWID_LMC,2012,43353690000
Lower-middle-income countries,OWID_LMC,2013,57321030000
Lower-middle-income countries,OWID_LMC,2014,57191727000
Lower-middle-income countries,OWID_LMC,2015,57296340000
Lower-middle-income countries,OWID_LMC,2016,57305330000
Lower-middle-income countries,OWID_LMC,2017,57420726000
Lower-middle-income countries,OWID_LMC,2018,57748420000
Lower-middle-income countries,OWID_LMC,2019,57399562000
Lower-middle-income countries,OWID_LMC,2020,57527992000
Lower-middle-income countries,OWID_LMC,2021,57622270000
Luxembourg,LUX,1980,0
Luxembourg,LUX,1981,0
Luxembourg,LUX,1982,0
Luxembourg,LUX,1983,0
Luxembourg,LUX,1984,0
Luxembourg,LUX,1985,0
Luxembourg,LUX,1986,0
Luxembourg,LUX,1987,0
Luxembourg,LUX,1988,0
Luxembourg,LUX,1989,0
Luxembourg,LUX,1990,0
Luxembourg,LUX,1991,0
Luxembourg,LUX,1992,0
Luxembourg,LUX,1993,0
Luxembourg,LUX,1994,0
Luxembourg,LUX,1995,0
Luxembourg,LUX,1996,0
Luxembourg,LUX,1997,0
Luxembourg,LUX,1998,0
Luxembourg,LUX,1999,0
Luxembourg,LUX,2000,0
Luxembourg,LUX,2001,0
Luxembourg,LUX,2002,0
Luxembourg,LUX,2003,0
Luxembourg,LUX,2004,0
Luxembourg,LUX,2005,0
Luxembourg,LUX,2006,0
Luxembourg,LUX,2007,0
Luxembourg,LUX,2008,0
Luxembourg,LUX,2009,0
Luxembourg,LUX,2010,0
Luxembourg,LUX,2011,0
Luxembourg,LUX,2012,0
Luxembourg,LUX,2013,0
Luxembourg,LUX,2014,0
Luxembourg,LUX,2015,0
Luxembourg,LUX,2016,0
Luxembourg,LUX,2017,0
Luxembourg,LUX,2018,0
Luxembourg,LUX,2019,0
Luxembourg,LUX,2020,0
Luxembourg,LUX,2021,0
Macao,MAC,1980,0
Macao,MAC,1981,0
Macao,MAC,1982,0
Macao,MAC,1983,0
Macao,MAC,1984,0
Macao,MAC,1985,0
Macao,MAC,1986,0
Macao,MAC,1987,0
Macao,MAC,1988,0
Macao,MAC,1989,0
Macao,MAC,1990,0
Macao,MAC,1991,0
Macao,MAC,1992,0
Macao,MAC,1993,0
Macao,MAC,1994,0
Macao,MAC,1995,0
Macao,MAC,1996,0
Macao,MAC,1997,0
Macao,MAC,1998,0
Macao,MAC,1999,0
Macao,MAC,2000,0
Macao,MAC,2001,0
Macao,MAC,2002,0
Macao,MAC,2003,0
Macao,MAC,2004,0
Macao,MAC,2005,0
Macao,MAC,2006,0
Macao,MAC,2007,0
Macao,MAC,2008,0
Macao,MAC,2009,0
Macao,MAC,2010,0
Macao,MAC,2011,0
Macao,MAC,2012,0
Macao,MAC,2013,0
Macao,MAC,2014,0
Macao,MAC,2015,0
Macao,MAC,2016,0
Macao,MAC,2017,0
Macao,MAC,2018,0
Macao,MAC,2019,0
Macao,MAC,2020,0
Macao,MAC,2021,0
Madagascar,MDG,1980,0
Madagascar,MDG,1981,0
Madagascar,MDG,1982,0
Madagascar,MDG,1983,0
Madagascar,MDG,1984,0
Madagascar,MDG,1985,0
Madagascar,MDG,1986,0
Madagascar,MDG,1987,0
Madagascar,MDG,1988,0
Madagascar,MDG,1989,0
Madagascar,MDG,1990,0
Madagascar,MDG,1991,0
Madagascar,MDG,1992,0
Madagascar,MDG,1993,0
Madagascar,MDG,1994,0
Madagascar,MDG,1995,0
Madagascar,MDG,1996,0
Madagascar,MDG,1997,0
Madagascar,MDG,1998,0
Madagascar,MDG,1999,0
Madagascar,MDG,2000,0
Madagascar,MDG,2001,0
Madagascar,MDG,2002,0
Madagascar,MDG,2003,0
Madagascar,MDG,2004,0
Madagascar,MDG,2005,0
Madagascar,MDG,2006,0
Madagascar,MDG,2007,0
Madagascar,MDG,2008,0
Madagascar,MDG,2009,0
Madagascar,MDG,2010,0
Madagascar,MDG,2011,0
Madagascar,MDG,2012,0
Madagascar,MDG,2013,0
Madagascar,MDG,2014,0
Madagascar,MDG,2015,0
Madagascar,MDG,2016,0
Madagascar,MDG,2017,0
Madagascar,MDG,2018,0
Madagascar,MDG,2019,0
Madagascar,MDG,2020,0
Madagascar,MDG,2021,0
Malawi,MWI,1980,0
Malawi,MWI,1981,0
Malawi,MWI,1982,0
Malawi,MWI,1983,0
Malawi,MWI,1984,0
Malawi,MWI,1985,0
Malawi,MWI,1986,0
Malawi,MWI,1987,0
Malawi,MWI,1988,0
Malawi,MWI,1989,0
Malawi,MWI,1990,0
Malawi,MWI,1991,0
Malawi,MWI,1992,0
Malawi,MWI,1993,0
Malawi,MWI,1994,0
Malawi,MWI,1995,0
Malawi,MWI,1996,0
Malawi,MWI,1997,0
Malawi,MWI,1998,0
Malawi,MWI,1999,0
Malawi,MWI,2000,0
Malawi,MWI,2001,0
Malawi,MWI,2002,0
Malawi,MWI,2003,0
Malawi,MWI,2004,0
Malawi,MWI,2005,0
Malawi,MWI,2006,0
Malawi,MWI,2007,0
Malawi,MWI,2008,0
Malawi,MWI,2009,0
Malawi,MWI,2010,0
Malawi,MWI,2011,0
Malawi,MWI,2012,0
Malawi,MWI,2013,0
Malawi,MWI,2014,0
Malawi,MWI,2015,0
Malawi,MWI,2016,0
Malawi,MWI,2017,0
Malawi,MWI,2018,0
Malawi,MWI,2019,0
Malawi,MWI,2020,0
Malawi,MWI,2021,0
Malaysia,MYS,1980,445164450
Malaysia,MYS,1981,476961900
Malaysia,MYS,1982,445164450
Malaysia,MYS,1983,528632770
Malaysia,MYS,1984,476961900
Malaysia,MYS,1985,476961900
Malaysia,MYS,1986,492860600
Malaysia,MYS,1987,448423650
Malaysia,MYS,1988,461063200
Malaysia,MYS,1989,464560860
Malaysia,MYS,1990,469012540
Malaysia,MYS,1991,461063200
Malaysia,MYS,1992,484116350
Malaysia,MYS,1993,588253000
Malaysia,MYS,1994,683645440
Malaysia,MYS,1995,683645440
Malaysia,MYS,1996,683645440
Malaysia,MYS,1997,635949200
Malaysia,MYS,1998,620050500
Malaysia,MYS,1999,620050500
Malaysia,MYS,2000,620050500
Malaysia,MYS,2001,620050500
Malaysia,MYS,2002,476961900
Malaysia,MYS,2003,476961900
Malaysia,MYS,2004,476961900
Malaysia,MYS,2005,476961900
Malaysia,MYS,2006,476961900
Malaysia,MYS,2007,476961900
Malaysia,MYS,2008,635949200
Malaysia,MYS,2009,635949200
Malaysia,MYS,2010,635949200
Malaysia,MYS,2011,635949200
Malaysia,MYS,2012,635949200
Malaysia,MYS,2013,635949200
Malaysia,MYS,2014,635949200
Malaysia,MYS,2015,604151740
Malaysia,MYS,2016,572354240
Malaysia,MYS,2017,572354240
Malaysia,MYS,2018,572354240
Malaysia,MYS,2019,572354240
Malaysia,MYS,2020,572354240
Malaysia,MYS,2021,572354240
Maldives,MDV,1980,0
Maldives,MDV,1981,0
Maldives,MDV,1982,0
Maldives,MDV,1983,0
Maldives,MDV,1984,0
Maldives,MDV,1985,0
Maldives,MDV,1986,0
Maldives,MDV,1987,0
Maldives,MDV,1988,0
Maldives,MDV,1989,0
Maldives,MDV,1990,0
Maldives,MDV,1991,0
Maldives,MDV,1992,0
Maldives,MDV,1993,0
Maldives,MDV,1994,0
Maldives,MDV,1995,0
Maldives,MDV,1996,0
Maldives,MDV,1997,0
Maldives,MDV,1998,0
Maldives,MDV,1999,0
Maldives,MDV,2000,0
Maldives,MDV,2001,0
Maldives,MDV,2002,0
Maldives,MDV,2003,0
Maldives,MDV,2004,0
Maldives,MDV,2005,0
Maldives,MDV,2006,0
Maldives,MDV,2007,0
Maldives,MDV,2008,0
Maldives,MDV,2009,0
Maldives,MDV,2010,0
Maldives,MDV,2011,0
Maldives,MDV,2012,0
Maldives,MDV,2013,0
Maldives,MDV,2014,0
Maldives,MDV,2015,0
Maldives,MDV,2016,0
Maldives,MDV,2017,0
Maldives,MDV,2018,0
Maldives,MDV,2019,0
Maldives,MDV,2020,0
Maldives,MDV,2021,0
Mali,MLI,1980,0
Mali,MLI,1981,0
Mali,MLI,1982,0
Mali,MLI,1983,0
Mali,MLI,1984,0
Mali,MLI,1985,0
Mali,MLI,1986,0
Mali,MLI,1987,0
Mali,MLI,1988,0
Mali,MLI,1989,0
Mali,MLI,1990,0
Mali,MLI,1991,0
Mali,MLI,1992,0
Mali,MLI,1993,0
Mali,MLI,1994,0
Mali,MLI,1995,0
Mali,MLI,1996,0
Mali,MLI,1997,0
Mali,MLI,1998,0
Mali,MLI,1999,0
Mali,MLI,2000,0
Mali,MLI,2001,0
Mali,MLI,2002,0
Mali,MLI,2003,0
Mali,MLI,2004,0
Mali,MLI,2005,0
Mali,MLI,2006,0
Mali,MLI,2007,0
Mali,MLI,2008,0
Mali,MLI,2009,0
Mali,MLI,2010,0
Mali,MLI,2011,0
Mali,MLI,2012,0
Mali,MLI,2013,0
Mali,MLI,2014,0
Mali,MLI,2015,0
Mali,MLI,2016,0
Mali,MLI,2017,0
Mali,MLI,2018,0
Mali,MLI,2019,0
Mali,MLI,2020,0
Mali,MLI,2021,0
Malta,MLT,1980,0
Malta,MLT,1981,0
Malta,MLT,1982,0
Malta,MLT,1983,0
Malta,MLT,1984,0
Malta,MLT,1985,0
Malta,MLT,1986,0
Malta,MLT,1987,0
Malta,MLT,1988,0
Malta,MLT,1989,0
Malta,MLT,1990,0
Malta,MLT,1991,0
Malta,MLT,1992,0
Malta,MLT,1993,0
Malta,MLT,1994,0
Malta,MLT,1995,0
Malta,MLT,1996,0
Malta,MLT,1997,0
Malta,MLT,1998,0
Malta,MLT,1999,0
Malta,MLT,2000,0
Malta,MLT,2001,0
Malta,MLT,2002,0
Malta,MLT,2003,0
Malta,MLT,2004,0
Malta,MLT,2005,0
Malta,MLT,2006,0
Malta,MLT,2007,0
Malta,MLT,2008,0
Malta,MLT,2009,0
Malta,MLT,2010,0
Malta,MLT,2011,0
Malta,MLT,2012,0
Malta,MLT,2013,0
Malta,MLT,2014,0
Malta,MLT,2015,0
Malta,MLT,2016,0
Malta,MLT,2017,0
Malta,MLT,2018,0
Malta,MLT,2019,0
Malta,MLT,2020,0
Malta,MLT,2021,0
Martinique,MTQ,1980,0
Martinique,MTQ,1981,0
Martinique,MTQ,1982,0
Martinique,MTQ,1983,0
Martinique,MTQ,1984,0
Martinique,MTQ,1985,0
Martinique,MTQ,1986,0
Martinique,MTQ,1987,0
Martinique,MTQ,1988,0
Martinique,MTQ,1989,0
Martinique,MTQ,1990,0
Martinique,MTQ,1991,0
Martinique,MTQ,1992,0
Martinique,MTQ,1993,0
Martinique,MTQ,1994,0
Martinique,MTQ,1995,0
Martinique,MTQ,1996,0
Martinique,MTQ,1997,0
Martinique,MTQ,1998,0
Martinique,MTQ,1999,0
Martinique,MTQ,2000,0
Martinique,MTQ,2001,0
Martinique,MTQ,2002,0
Martinique,MTQ,2003,0
Martinique,MTQ,2004,0
Martinique,MTQ,2005,0
Martinique,MTQ,2006,0
Martinique,MTQ,2007,0
Martinique,MTQ,2008,0
Martinique,MTQ,2009,0
Martinique,MTQ,2010,0
Martinique,MTQ,2011,0
Martinique,MTQ,2012,0
Martinique,MTQ,2013,0
Martinique,MTQ,2014,0
Martinique,MTQ,2015,0
Martinique,MTQ,2016,0
Martinique,MTQ,2017,0
Martinique,MTQ,2018,0
Martinique,MTQ,2019,0
Martinique,MTQ,2020,0
Martinique,MTQ,2021,0
Mauritania,MRT,2007,15898730
Mauritania,MRT,2008,15898730
Mauritania,MRT,2009,15898730
Mauritania,MRT,2010,15898730
Mauritania,MRT,2011,15898730
Mauritania,MRT,2012,3179746
Mauritania,MRT,2013,3179746
Mauritania,MRT,2014,3179746
Mauritania,MRT,2015,3179746
Mauritania,MRT,2016,3179746
Mauritania,MRT,2017,3179746
Mauritania,MRT,2018,3179746
Mauritania,MRT,2019,3179746
Mauritania,MRT,2020,3179746
Mauritania,MRT,2021,3179746
Mauritius,MUS,1980,0
Mauritius,MUS,1981,0
Mauritius,MUS,1982,0
Mauritius,MUS,1983,0
Mauritius,MUS,1984,0
Mauritius,MUS,1985,0
Mauritius,MUS,1986,0
Mauritius,MUS,1987,0
Mauritius,MUS,1988,0
Mauritius,MUS,1989,0
Mauritius,MUS,1990,0
Mauritius,MUS,1991,0
Mauritius,MUS,1992,0
Mauritius,MUS,1993,0
Mauritius,MUS,1994,0
Mauritius,MUS,1995,0
Mauritius,MUS,1996,0
Mauritius,MUS,1997,0
Mauritius,MUS,1998,0
Mauritius,MUS,1999,0
Mauritius,MUS,2000,0
Mauritius,MUS,2001,0
Mauritius,MUS,2002,0
Mauritius,MUS,2003,0
Mauritius,MUS,2004,0
Mauritius,MUS,2005,0
Mauritius,MUS,2006,0
Mauritius,MUS,2007,0
Mauritius,MUS,2008,0
Mauritius,MUS,2009,0
Mauritius,MUS,2010,0
Mauritius,MUS,2011,0
Mauritius,MUS,2012,0
Mauritius,MUS,2013,0
Mauritius,MUS,2014,0
Mauritius,MUS,2015,0
Mauritius,MUS,2016,0
Mauritius,MUS,2017,0
Mauritius,MUS,2018,0
Mauritius,MUS,2019,0
Mauritius,MUS,2020,0
Mauritius,MUS,2021,0
Mexico,MEX,1980,4968353300
Mexico,MEX,1981,6995441000
Mexico,MEX,1982,9060687000
Mexico,MEX,1983,7679086600
Mexico,MEX,1984,7631390000
Mexico,MEX,1985,7726782500
Mexico,MEX,1986,7838074000
Mexico,MEX,1987,8689133000
Mexico,MEX,1988,7728372700
Mexico,MEX,1989,8602803000
Mexico,MEX,1990,8961320000
Mexico,MEX,1991,8264637000
Mexico,MEX,1992,8155730400
Mexico,MEX,1993,8155730400
Mexico,MEX,1994,8096428000
Mexico,MEX,1995,8072739300
Mexico,MEX,1996,7913593300
Mexico,MEX,1997,7757944300
Mexico,MEX,1998,6359492000
Mexico,MEX,1999,7603090400
Mexico,MEX,2000,4515080000
Mexico,MEX,2001,4492981000
Mexico,MEX,2002,4283276800
Mexico,MEX,2003,2006737700
Mexico,MEX,2004,2491967000
Mexico,MEX,2005,2321214700
Mexico,MEX,2006,2048106200
Mexico,MEX,2007,1963811200
Mexico,MEX,2008,1852202000
Mexico,MEX,2009,1669557400
Mexico,MEX,2010,1654103900
Mexico,MEX,2011,1656647700
Mexico,MEX,2012,1646965400
Mexico,MEX,2013,1631829800
Mexico,MEX,2014,1601479000
Mexico,MEX,2015,1559983500
Mexico,MEX,2016,1543925800
Mexico,MEX,2017,1154009300
Mexico,MEX,2018,1147713400
Mexico,MEX,2019,1021811400
Mexico,MEX,2020,919916400
Mexico,MEX,2021,919916400
Moldova,MDA,1997,0
Moldova,MDA,1998,0
Moldova,MDA,1999,0
Moldova,MDA,2000,0
Moldova,MDA,2001,0
Moldova,MDA,2002,0
Moldova,MDA,2003,0
Moldova,MDA,2004,0
Moldova,MDA,2005,0
Moldova,MDA,2006,0
Moldova,MDA,2007,0
Moldova,MDA,2008,0
Moldova,MDA,2009,0
Moldova,MDA,2010,0
Moldova,MDA,2011,0
Moldova,MDA,2012,0
Moldova,MDA,2013,0
Moldova,MDA,2014,0
Moldova,MDA,2015,0
Moldova,MDA,2016,0
Moldova,MDA,2017,0
Moldova,MDA,2018,0
Moldova,MDA,2019,0
Moldova,MDA,2020,0
Moldova,MDA,2021,0
Mongolia,MNG,1980,0
Mongolia,MNG,1981,0
Mongolia,MNG,1982,0
Mongolia,MNG,1983,0
Mongolia,MNG,1984,0
Mongolia,MNG,1985,0
Mongolia,MNG,1986,0
Mongolia,MNG,1987,0
Mongolia,MNG,1988,0
Mongolia,MNG,1989,0
Mongolia,MNG,1990,0
Mongolia,MNG,1991,0
Mongolia,MNG,1992,0
Mongolia,MNG,1993,0
Mongolia,MNG,1994,0
Mongolia,MNG,1995,0
Mongolia,MNG,1996,0
Mongolia,MNG,1997,0
Montenegro,MNE,2006,0
Montenegro,MNE,2007,0
Montenegro,MNE,2008,0
Montenegro,MNE,2009,0
Montenegro,MNE,2010,0
Montenegro,MNE,2011,0
Montenegro,MNE,2012,0
Montenegro,MNE,2013,0
Montenegro,MNE,2014,0
Montenegro,MNE,2015,0
Montenegro,MNE,2016,0
Montenegro,MNE,2017,0
Montenegro,MNE,2018,0
Montenegro,MNE,2019,0
Montenegro,MNE,2020,0
Montenegro,MNE,2021,0
Montserrat,MSR,1980,0
Montserrat,MSR,1981,0
Montserrat,MSR,1982,0
Montserrat,MSR,1983,0
Montserrat,MSR,1984,0
Montserrat,MSR,1985,0
Montserrat,MSR,1986,0
Montserrat,MSR,1987,0
Montserrat,MSR,1988,0
Montserrat,MSR,1989,0
Montserrat,MSR,1990,0
Montserrat,MSR,1991,0
Montserrat,MSR,1992,0
Montserrat,MSR,1993,0
Montserrat,MSR,1994,0
Montserrat,MSR,1995,0
Montserrat,MSR,1996,0
Montserrat,MSR,1997,0
Montserrat,MSR,1998,0
Montserrat,MSR,1999,0
Montserrat,MSR,2000,0
Montserrat,MSR,2001,0
Montserrat,MSR,2002,0
Montserrat,MSR,2003,0
Montserrat,MSR,2004,0
Montserrat,MSR,2005,0
Montserrat,MSR,2006,0
Montserrat,MSR,2007,0
Montserrat,MSR,2008,0
Montserrat,MSR,2009,0
Montserrat,MSR,2010,0
Montserrat,MSR,2011,0
Montserrat,MSR,2012,0
Montserrat,MSR,2013,0
Montserrat,MSR,2014,0
Montserrat,MSR,2015,0
Montserrat,MSR,2016,0
Montserrat,MSR,2017,0
Montserrat,MSR,2018,0
Montserrat,MSR,2019,0
Montserrat,MSR,2020,0
Montserrat,MSR,2021,0
Morocco,MAR,1980,15898.7295
Morocco,MAR,1981,11924.048
Morocco,MAR,1982,50875.934
Morocco,MAR,1983,46106.316
Morocco,MAR,1984,34977.207
Morocco,MAR,1985,39746.83
Morocco,MAR,1986,39746.83
Morocco,MAR,1987,47696.19
Morocco,MAR,1988,429265.72
Morocco,MAR,1989,413366.97
Morocco,MAR,1990,397468.25
Morocco,MAR,1991,317974.62
Morocco,MAR,1992,340073.84
Morocco,MAR,1993,255015.62
Morocco,MAR,1994,169003.48
Morocco,MAR,1995,276001.94
Morocco,MAR,1996,189194.89
Morocco,MAR,1997,189194.89
Morocco,MAR,1998,312569.03
Morocco,MAR,1999,312569.03
Morocco,MAR,2000,302711.8
Morocco,MAR,2001,286177.12
Morocco,MAR,2002,286177.12
Morocco,MAR,2003,254379.67
Morocco,MAR,2004,254379.67
Morocco,MAR,2005,254379.67
Morocco,MAR,2006,169957.42
Morocco,MAR,2007,157079.45
Morocco,MAR,2008,132913.39
Morocco,MAR,2009,119558.45
Morocco,MAR,2010,119558.45
Morocco,MAR,2011,108747.32
Morocco,MAR,2012,108747.32
Morocco,MAR,2013,108747.32
Morocco,MAR,2014,108747.32
Morocco,MAR,2015,108747.32
Morocco,MAR,2016,108747.32
Morocco,MAR,2017,108747.32
Morocco,MAR,2018,108747.32
Morocco,MAR,2019,108747.32
Morocco,MAR,2020,108747.32
Morocco,MAR,2021,108747.32
Mozambique,MOZ,1980,0
Mozambique,MOZ,1981,0
Mozambique,MOZ,1982,0
Mozambique,MOZ,1983,0
Mozambique,MOZ,1984,0
Mozambique,MOZ,1985,0
Mozambique,MOZ,1986,0
Mozambique,MOZ,1987,0
Mozambique,MOZ,1988,0
Mozambique,MOZ,1989,0
Mozambique,MOZ,1990,0
Mozambique,MOZ,1991,0
Mozambique,MOZ,1992,0
Mozambique,MOZ,1993,0
Mozambique,MOZ,1994,0
Mozambique,MOZ,1995,0
Mozambique,MOZ,1996,0
Mozambique,MOZ,1997,0
Mozambique,MOZ,1998,0
Mozambique,MOZ,1999,0
Mozambique,MOZ,2000,0
Mozambique,MOZ,2001,0
Mozambique,MOZ,2002,0
Mozambique,MOZ,2003,0
Mozambique,MOZ,2004,0
Mozambique,MOZ,2005,0
Mozambique,MOZ,2006,0
Mozambique,MOZ,2007,0
Mozambique,MOZ,2008,0
Mozambique,MOZ,2009,0
Mozambique,MOZ,2010,0
Mozambique,MOZ,2011,0
Mozambique,MOZ,2012,0
Mozambique,MOZ,2013,0
Mozambique,MOZ,2014,0
Mozambique,MOZ,2015,0
Mozambique,MOZ,2016,0
Mozambique,MOZ,2017,0
Mozambique,MOZ,2018,0
Mozambique,MOZ,2019,0
Mozambique,MOZ,2020,0
Mozambique,MOZ,2021,0
Myanmar,MMR,1980,3974682.5
Myanmar,MMR,1981,4769619
Myanmar,MMR,1982,4451644.5
Myanmar,MMR,1983,5087594
Myanmar,MMR,1984,4769619
Myanmar,MMR,1985,4451644.5
Myanmar,MMR,1986,10413668
Myanmar,MMR,1987,9221263
Myanmar,MMR,1988,9221263
Myanmar,MMR,1989,8585314
Myanmar,MMR,1990,8156048.5
Myanmar,MMR,1991,8108352
Myanmar,MMR,1992,7949365
Myanmar,MMR,1993,7949365
Myanmar,MMR,1994,7949365
Myanmar,MMR,1995,7949365
Myanmar,MMR,1996,7949365
Myanmar,MMR,1997,7949365
Myanmar,MMR,1998,7949365
Myanmar,MMR,1999,7949365
Myanmar,MMR,2000,7949365
Myanmar,MMR,2001,7949365
Myanmar,MMR,2002,7949365
Myanmar,MMR,2003,7949365
Myanmar,MMR,2004,7949365
Myanmar,MMR,2005,7949365
Myanmar,MMR,2006,7949365
Myanmar,MMR,2007,7949365
Myanmar,MMR,2008,7949365
Myanmar,MMR,2009,7949365
Myanmar,MMR,2010,7949365
Myanmar,MMR,2011,7949365
Myanmar,MMR,2012,7949365
Myanmar,MMR,2013,7949365
Myanmar,MMR,2014,7949365
Myanmar,MMR,2015,7949365
Myanmar,MMR,2016,7949365
Myanmar,MMR,2017,22099234
Myanmar,MMR,2018,22099234
Myanmar,MMR,2019,22099234
Myanmar,MMR,2020,22099234
Myanmar,MMR,2021,22099234
Namibia,NAM,1990,0
Namibia,NAM,1991,0
Namibia,NAM,1992,0
Namibia,NAM,1993,0
Namibia,NAM,1994,0
Namibia,NAM,1995,0
Namibia,NAM,1996,0
Namibia,NAM,1997,0
Namibia,NAM,1998,0
Namibia,NAM,1999,0
Namibia,NAM,2000,0
Namibia,NAM,2001,0
Namibia,NAM,2002,0
Namibia,NAM,2003,0
Namibia,NAM,2004,0
Namibia,NAM,2005,0
Namibia,NAM,2006,0
Namibia,NAM,2007,0
Namibia,NAM,2008,0
Namibia,NAM,2009,0
Namibia,NAM,2010,0
Namibia,NAM,2011,0
Namibia,NAM,2012,0
Namibia,NAM,2013,0
Namibia,NAM,2014,0
Namibia,NAM,2015,0
Namibia,NAM,2016,0
Namibia,NAM,2017,0
Namibia,NAM,2018,0
Namibia,NAM,2019,0
Namibia,NAM,2020,0
Namibia,NAM,2021,0
Nauru,NRU,1980,0
Nauru,NRU,1981,0
Nauru,NRU,1982,0
Nauru,NRU,1983,0
Nauru,NRU,1984,0
Nauru,NRU,1985,0
Nauru,NRU,1986,0
Nauru,NRU,1987,0
Nauru,NRU,1988,0
Nauru,NRU,1989,0
Nauru,NRU,1990,0
Nauru,NRU,1991,0
Nauru,NRU,1992,0
Nauru,NRU,1993,0
Nauru,NRU,1994,0
Nauru,NRU,1995,0
Nauru,NRU,1996,0
Nauru,NRU,1997,0
Nauru,NRU,1998,0
Nauru,NRU,1999,0
Nauru,NRU,2000,0
Nauru,NRU,2001,0
Nauru,NRU,2002,0
Nauru,NRU,2003,0
Nauru,NRU,2004,0
Nauru,NRU,2005,0
Nauru,NRU,2006,0
Nauru,NRU,2007,0
Nauru,NRU,2008,0
Nauru,NRU,2009,0
Nauru,NRU,2010,0
Nauru,NRU,2011,0
Nauru,NRU,2012,0
Nauru,NRU,2013,0
Nauru,NRU,2014,0
Nauru,NRU,2015,0
Nauru,NRU,2016,0
Nauru,NRU,2017,0
Nauru,NRU,2018,0
Nauru,NRU,2019,0
Nauru,NRU,2020,0
Nauru,NRU,2021,0
Nepal,NPL,1980,0
Nepal,NPL,1981,0
Nepal,NPL,1982,0
Nepal,NPL,1983,0
Nepal,NPL,1984,0
Nepal,NPL,1985,0
Nepal,NPL,1986,0
Nepal,NPL,1987,0
Nepal,NPL,1988,0
Nepal,NPL,1989,0
Nepal,NPL,1990,0
Nepal,NPL,1991,0
Nepal,NPL,1992,0
Nepal,NPL,1993,0
Nepal,NPL,1994,0
Nepal,NPL,1995,0
Nepal,NPL,1996,0
Nepal,NPL,1997,0
Nepal,NPL,1998,0
Nepal,NPL,1999,0
Nepal,NPL,2000,0
Nepal,NPL,2001,0
Nepal,NPL,2002,0
Nepal,NPL,2003,0
Nepal,NPL,2004,0
Nepal,NPL,2005,0
Nepal,NPL,2006,0
Nepal,NPL,2007,0
Nepal,NPL,2008,0
Nepal,NPL,2009,0
Nepal,NPL,2010,0
Nepal,NPL,2011,0
Nepal,NPL,2012,0
Nepal,NPL,2013,0
Nepal,NPL,2014,0
Nepal,NPL,2015,0
Nepal,NPL,2016,0
Nepal,NPL,2017,0
Nepal,NPL,2018,0
Nepal,NPL,2019,0
Nepal,NPL,2020,0
Nepal,NPL,2021,0
Netherlands,NLD,1980,9539238
Netherlands,NLD,1981,45311380
Netherlands,NLD,1982,54850620
Netherlands,NLD,1983,46742268
Netherlands,NLD,1984,49079380
Netherlands,NLD,1985,49286064
Netherlands,NLD,1986,39905812
Netherlands,NLD,1987,30986626
Netherlands,NLD,1988,31002522
Netherlands,NLD,1989,32686198
Netherlands,NLD,1990,26996044
Netherlands,NLD,1991,24992802
Netherlands,NLD,1992,22997512
Netherlands,NLD,1993,22997512
Netherlands,NLD,1994,20999996
Netherlands,NLD,1995,18000066
Netherlands,NLD,1996,17000036
Netherlands,NLD,1997,13999944
Netherlands,NLD,1998,18000066
Netherlands,NLD,1999,19999968
Netherlands,NLD,2000,17000036
Netherlands,NLD,2001,17000036
Netherlands,NLD,2002,17000036
Netherlands,NLD,2003,16852654
Netherlands,NLD,2004,16852654
Netherlands,NLD,2005,16852654
Netherlands,NLD,2006,16852654
Netherlands,NLD,2007,15898730
Netherlands,NLD,2008,15898730
Netherlands,NLD,2009,15898730
Netherlands,NLD,2010,15898730
Netherlands,NLD,2011,49286064
Netherlands,NLD,2012,45692950
Netherlands,NLD,2013,38770324
Netherlands,NLD,2014,23799922
Netherlands,NLD,2015,22999898
Netherlands,NLD,2016,22400038
Netherlands,NLD,2017,17999906
Netherlands,NLD,2018,12898481
Netherlands,NLD,2019,11800038
Netherlands,NLD,2020,18199912
Netherlands,NLD,2021,21900024
Netherlands Antilles,ANT,1980,0
Netherlands Antilles,ANT,1981,0
Netherlands Antilles,ANT,1982,0
Netherlands Antilles,ANT,1983,0
Netherlands Antilles,ANT,1984,0
Netherlands Antilles,ANT,1985,0
Netherlands Antilles,ANT,1986,0
Netherlands Antilles,ANT,1987,0
Netherlands Antilles,ANT,1988,0
Netherlands Antilles,ANT,1989,0
Netherlands Antilles,ANT,1990,0
Netherlands Antilles,ANT,1991,0
Netherlands Antilles,ANT,1992,0
Netherlands Antilles,ANT,1993,0
Netherlands Antilles,ANT,1994,0
Netherlands Antilles,ANT,1995,0
Netherlands Antilles,ANT,1996,0
Netherlands Antilles,ANT,1997,0
Netherlands Antilles,ANT,1998,0
Netherlands Antilles,ANT,1999,0
Netherlands Antilles,ANT,2000,0
Netherlands Antilles,ANT,2001,0
Netherlands Antilles,ANT,2002,0
Netherlands Antilles,ANT,2003,0
Netherlands Antilles,ANT,2004,0
Netherlands Antilles,ANT,2005,0
Netherlands Antilles,ANT,2006,0
Netherlands Antilles,ANT,2007,0
Netherlands Antilles,ANT,2008,0
Netherlands Antilles,ANT,2009,0
Netherlands Antilles,ANT,2010,0
Netherlands Antilles,ANT,2011,0
Netherlands Antilles,ANT,2012,0
Netherlands Antilles,ANT,2013,0
Netherlands Antilles,ANT,2014,0
Netherlands Antilles,ANT,2015,0
Netherlands Antilles,ANT,2016,0
Netherlands Antilles,ANT,2017,0
Netherlands Antilles,ANT,2018,0
Netherlands Antilles,ANT,2019,0
Netherlands Antilles,ANT,2020,0
Netherlands Antilles,ANT,2021,0
New Caledonia,NCL,1980,0
New Caledonia,NCL,1981,0
New Caledonia,NCL,1982,0
New Caledonia,NCL,1983,0
New Caledonia,NCL,1984,0
New Caledonia,NCL,1985,0
New Caledonia,NCL,1986,0
New Caledonia,NCL,1987,0
New Caledonia,NCL,1988,0
New Caledonia,NCL,1989,0
New Caledonia,NCL,1990,0
New Caledonia,NCL,1991,0
New Caledonia,NCL,1992,0
New Caledonia,NCL,1993,0
New Caledonia,NCL,1994,0
New Caledonia,NCL,1995,0
New Caledonia,NCL,1996,0
New Caledonia,NCL,1997,0
New Caledonia,NCL,1998,0
New Caledonia,NCL,1999,0
New Caledonia,NCL,2000,0
New Caledonia,NCL,2001,0
New Caledonia,NCL,2002,0
New Caledonia,NCL,2003,0
New Caledonia,NCL,2004,0
New Caledonia,NCL,2005,0
New Caledonia,NCL,2006,0
New Caledonia,NCL,2007,0
New Caledonia,NCL,2008,0
New Caledonia,NCL,2009,0
New Caledonia,NCL,2010,0
New Caledonia,NCL,2011,0
New Caledonia,NCL,2012,0
New Caledonia,NCL,2013,0
New Caledonia,NCL,2014,0
New Caledonia,NCL,2015,0
New Caledonia,NCL,2016,0
New Caledonia,NCL,2017,0
New Caledonia,NCL,2018,0
New Caledonia,NCL,2019,0
New Caledonia,NCL,2020,0
New Caledonia,NCL,2021,0
New Zealand,NZL,1980,17488602
New Zealand,NZL,1981,27504802
New Zealand,NZL,1982,27155030
New Zealand,NZL,1983,26868854
New Zealand,NZL,1984,27027842
New Zealand,NZL,1985,24643032
New Zealand,NZL,1986,27981764
New Zealand,NZL,1987,26550878
New Zealand,NZL,1988,25437968
New Zealand,NZL,1989,29039030
New Zealand,NZL,1990,23212146
New Zealand,NZL,1991,33228346
New Zealand,NZL,1992,27064408
New Zealand,NZL,1993,26959476
New Zealand,NZL,1994,24802020
New Zealand,NZL,1995,21717666
New Zealand,NZL,1996,16534680
New Zealand,NZL,1997,21471234
New Zealand,NZL,1998,23099266
New Zealand,NZL,1999,20191388
New Zealand,NZL,2000,20191388
New Zealand,NZL,2001,20191388
New Zealand,NZL,2002,14234610
New Zealand,NZL,2003,30159892
New Zealand,NZL,2004,8664808
New Zealand,NZL,2005,8184666
New Zealand,NZL,2006,8426327
New Zealand,NZL,2007,8426327
New Zealand,NZL,2008,8744301
New Zealand,NZL,2009,9539238
New Zealand,NZL,2010,9539238
New Zealand,NZL,2011,17886070
New Zealand,NZL,2012,15278680
New Zealand,NZL,2013,12941566
New Zealand,NZL,2014,12464604
New Zealand,NZL,2015,10683946
New Zealand,NZL,2016,10191085
New Zealand,NZL,2017,9046377
New Zealand,NZL,2018,9333827
New Zealand,NZL,2019,7716925.5
New Zealand,NZL,2020,6883514.5
New Zealand,NZL,2021,6517366.5
Nicaragua,NIC,1980,0
Nicaragua,NIC,1981,0
Nicaragua,NIC,1982,0
Nicaragua,NIC,1983,0
Nicaragua,NIC,1984,0
Nicaragua,NIC,1985,0
Nicaragua,NIC,1986,0
Nicaragua,NIC,1987,0
Nicaragua,NIC,1988,0
Nicaragua,NIC,1989,0
Nicaragua,NIC,1990,0
Nicaragua,NIC,1991,0
Nicaragua,NIC,1992,0
Nicaragua,NIC,1993,0
Nicaragua,NIC,1994,0
Nicaragua,NIC,1995,0
Nicaragua,NIC,1996,0
Nicaragua,NIC,1997,0
Nicaragua,NIC,1998,0
Nicaragua,NIC,1999,0
Nicaragua,NIC,2000,0
Nicaragua,NIC,2001,0
Nicaragua,NIC,2002,0
Nicaragua,NIC,2003,0
Nicaragua,NIC,2004,0
Nicaragua,NIC,2005,0
Nicaragua,NIC,2006,0
Nicaragua,NIC,2007,0
Nicaragua,NIC,2008,0
Nicaragua,NIC,2009,0
Nicaragua,NIC,2010,0
Nicaragua,NIC,2011,0
Nicaragua,NIC,2012,0
Nicaragua,NIC,2013,0
Nicaragua,NIC,2014,0
Nicaragua,NIC,2015,0
Nicaragua,NIC,2016,0
Nicaragua,NIC,2017,0
Nicaragua,NIC,2018,0
Nicaragua,NIC,2019,0
Nicaragua,NIC,2020,0
Nicaragua,NIC,2021,0
Niger,NER,1980,0
Niger,NER,1981,0
Niger,NER,1982,0
Niger,NER,1983,0
Niger,NER,1984,0
Niger,NER,1985,0
Niger,NER,1986,0
Niger,NER,1987,0
Niger,NER,1988,0
Niger,NER,1989,0
Niger,NER,1990,0
Niger,NER,1991,0
Niger,NER,1992,0
Niger,NER,1993,0
Niger,NER,1994,0
Niger,NER,1995,0
Niger,NER,1996,0
Niger,NER,1997,0
Niger,NER,1998,0
Niger,NER,1999,0
Niger,NER,2000,0
Niger,NER,2001,0
Niger,NER,2002,0
Niger,NER,2003,0
Niger,NER,2004,0
Niger,NER,2005,0
Niger,NER,2006,0
Niger,NER,2007,0
Niger,NER,2008,0
Niger,NER,2009,0
Niger,NER,2010,0
Niger,NER,2013,23848096
Niger,NER,2014,23848096
Niger,NER,2015,23848096
Niger,NER,2016,23848096
Niger,NER,2017,23848096
Niger,NER,2018,23848096
Niger,NER,2019,23848096
Niger,NER,2020,23848096
Niger,NER,2021,23848096
Nigeria,NGA,1980,2766379000
Nigeria,NGA,1981,2655088000
Nigeria,NGA,1982,2623290400
Nigeria,NGA,1983,2663037200
Nigeria,NGA,1984,2631239700
Nigeria,NGA,1985,2647138600
Nigeria,NGA,1986,2639189200
Nigeria,NGA,1987,2543796700
Nigeria,NGA,1988,2540617000
Nigeria,NGA,1989,2543796700
Nigeria,NGA,1990,2543796700
Nigeria,NGA,1991,2718683000
Nigeria,NGA,1992,2845844200
Nigeria,NGA,1993,2845844200
Nigeria,NGA,1994,2845844200
Nigeria,NGA,1995,2845844200
Nigeria,NGA,1996,3311387400
Nigeria,NGA,1997,2467622700
Nigeria,NGA,1998,2668760800
Nigeria,NGA,1999,3577214200
Nigeria,NGA,2000,3577214200
Nigeria,NGA,2001,3577214200
Nigeria,NGA,2002,3815695000
Nigeria,NGA,2003,3815695000
Nigeria,NGA,2004,3974682600
Nigeria,NGA,2005,5605097500
Nigeria,NGA,2006,5703828500
Nigeria,NGA,2007,5758520300
Nigeria,NGA,2008,5758520300
Nigeria,NGA,2009,5758520300
Nigeria,NGA,2010,5914327600
Nigeria,NGA,2011,5914327600
Nigeria,NGA,2012,5914327600
Nigeria,NGA,2013,5914327600
Nigeria,NGA,2014,5904788500
Nigeria,NGA,2015,5893659000
Nigeria,NGA,2016,5893659000
Nigeria,NGA,2017,5892387300
Nigeria,NGA,2018,5954551300
Nigeria,NGA,2019,5752478000
Nigeria,NGA,2020,5878078500
Nigeria,NGA,2021,5865041400
Niue,NIU,1980,0
Niue,NIU,1981,0
Niue,NIU,1982,0
Niue,NIU,1983,0
Niue,NIU,1984,0
Niue,NIU,1985,0
Niue,NIU,1986,0
Niue,NIU,1987,0
Niue,NIU,1988,0
Niue,NIU,1989,0
Niue,NIU,1990,0
Niue,NIU,1991,0
Niue,NIU,1992,0
Niue,NIU,1993,0
Niue,NIU,1994,0
Niue,NIU,1995,0
Niue,NIU,1996,0
Niue,NIU,1997,0
Niue,NIU,1998,0
Niue,NIU,1999,0
Niue,NIU,2000,0
Niue,NIU,2001,0
Niue,NIU,2002,0
Niue,NIU,2003,0
Niue,NIU,2004,0
Niue,NIU,2005,0
Niue,NIU,2006,0
Niue,NIU,2007,0
Niue,NIU,2008,0
Niue,NIU,2009,0
Niue,NIU,2010,0
Niue,NIU,2011,0
Niue,NIU,2012,0
Niue,NIU,2013,0
Niue,NIU,2014,0
Niue,NIU,2015,0
Niue,NIU,2016,0
Niue,NIU,2017,0
Niue,NIU,2018,0
Niue,NIU,2019,0
Niue,NIU,2020,0
Niue,NIU,2021,0
North America,OWID_NAM,1980,11127283000
North America,OWID_NAM,1981,13109430000
North America,OWID_NAM,1982,15255063000
North America,OWID_NAM,1983,13579062000
North America,OWID_NAM,1984,13475223000
North America,OWID_NAM,1985,13781592000
North America,OWID_NAM,1986,13714149000
North America,OWID_NAM,1987,14382230000
North America,OWID_NAM,1988,13467039000
North America,OWID_NAM,1989,14264602000
North America,OWID_NAM,1990,14460576000
North America,OWID_NAM,1991,13672468000
North America,OWID_NAM,1992,13273044000
North America,OWID_NAM,1993,13107886000
North America,OWID_NAM,1994,12869394000
North America,OWID_NAM,1995,12797981000
North America,OWID_NAM,1996,12608011000
North America,OWID_NAM,1997,12379872000
North America,OWID_NAM,1998,11092184000
North America,OWID_NAM,1999,12157550000
North America,OWID_NAM,2000,9207826000
North America,OWID_NAM,2001,9218261000
North America,OWID_NAM,2002,9163632000
North America,OWID_NAM,2003,34764243000
North America,OWID_NAM,2004,34967910000
North America,OWID_NAM,2005,34700650000
North America,OWID_NAM,2006,34494220000
North America,OWID_NAM,2007,34153322000
North America,OWID_NAM,2008,34023006000
North America,OWID_NAM,2009,33401870000
North America,OWID_NAM,2010,33208769000
North America,OWID_NAM,2011,33666970000
North America,OWID_NAM,2012,34003990000
North America,OWID_NAM,2013,34614145000
North America,OWID_NAM,2014,35094524000
North America,OWID_NAM,2015,35481272000
North America,OWID_NAM,2016,34460240000
North America,OWID_NAM,2017,33806903000
North America,OWID_NAM,2018,35010300000
North America,OWID_NAM,2019,35191677000
North America,OWID_NAM,2020,35489200000
North America,OWID_NAM,2021,28068868000
North Korea,PRK,1980,0
North Korea,PRK,1981,0
North Korea,PRK,1982,0
North Korea,PRK,1983,0
North Korea,PRK,1984,0
North Korea,PRK,1985,0
North Korea,PRK,1986,0
North Korea,PRK,1987,0
North Korea,PRK,1988,0
North Korea,PRK,1989,0
North Korea,PRK,1990,0
North Korea,PRK,1991,0
North Korea,PRK,1992,0
North Korea,PRK,1993,0
North Korea,PRK,1994,0
North Korea,PRK,1995,0
North Korea,PRK,1996,0
North Korea,PRK,1997,0
North Korea,PRK,1998,0
North Korea,PRK,1999,0
North Korea,PRK,2000,0
North Korea,PRK,2001,0
North Korea,PRK,2002,0
North Korea,PRK,2003,0
North Korea,PRK,2004,0
North Korea,PRK,2005,0
North Korea,PRK,2006,0
North Korea,PRK,2007,0
North Korea,PRK,2008,0
North Korea,PRK,2009,0
North Korea,PRK,2010,0
North Korea,PRK,2011,0
North Korea,PRK,2012,0
North Korea,PRK,2013,0
North Korea,PRK,2014,0
North Korea,PRK,2015,0
North Korea,PRK,2016,0
North Korea,PRK,2017,0
North Korea,PRK,2018,0
North Korea,PRK,2019,0
North Korea,PRK,2020,0
North Korea,PRK,2021,0
North Macedonia,MKD,1993,0
North Macedonia,MKD,1994,0
North Macedonia,MKD,1995,0
North Macedonia,MKD,1996,0
North Macedonia,MKD,1997,0
North Macedonia,MKD,1998,0
North Macedonia,MKD,1999,0
North Macedonia,MKD,2000,0
North Macedonia,MKD,2001,0
North Macedonia,MKD,2002,0
North Macedonia,MKD,2003,0
North Macedonia,MKD,2004,0
North Macedonia,MKD,2005,0
North Macedonia,MKD,2006,0
North Macedonia,MKD,2007,0
North Macedonia,MKD,2008,0
North Macedonia,MKD,2009,0
North Macedonia,MKD,2010,0
North Macedonia,MKD,2011,0
North Macedonia,MKD,2012,0
North Macedonia,MKD,2013,0
North Macedonia,MKD,2014,0
North Macedonia,MKD,2015,0
North Macedonia,MKD,2016,0
North Macedonia,MKD,2017,0
North Macedonia,MKD,2018,0
North Macedonia,MKD,2019,0
North Macedonia,MKD,2020,0
North Macedonia,MKD,2021,0
Norway,NOR,1980,914176960
Norway,NOR,1981,874430140
Norway,NOR,1982,1211483300
Norway,NOR,1983,1081113700
Norway,NOR,1984,1217842700
Norway,NOR,1985,1319594600
Norway,NOR,1986,1732961500
Norway,NOR,1987,1669366700
Norway,NOR,1988,2353012000
Norway,NOR,1989,1659032600
Norway,NOR,1990,1835699700
Norway,NOR,1991,1209800000
Norway,NOR,1992,1209797900
Norway,NOR,1993,1399999900
Norway,NOR,1994,1476000000
Norway,NOR,1995,1497000000
Norway,NOR,1996,1338999900
Norway,NOR,1997,1785999600
Norway,NOR,1998,1657000000
Norway,NOR,1999,1734999800
Norway,NOR,2000,1714999800
Norway,NOR,2001,1501999200
Norway,NOR,2002,1501999200
Norway,NOR,2003,1632004700
Norway,NOR,2004,1660999000
Norway,NOR,2005,1351392000
Norway,NOR,2006,1224997100
Norway,NOR,2007,1247939000
Norway,NOR,2008,1091499500
Norway,NOR,2009,1062035140
Norway,NOR,2010,1062035140
Norway,NOR,2011,901458000
Norway,NOR,2012,845812500
Norway,NOR,2013,853125900
Norway,NOR,2014,926101000
Norway,NOR,2015,873998460
Norway,NOR,2016,816998660
Norway,NOR,2017,1050998300
Norway,NOR,2018,1226916900
Norway,NOR,2019,1279406800
Norway,NOR,2020,1306762200
Norway,NOR,2021,1291318900
Oceania,OWID_OCE,1980,356131550
Oceania,OWID_OCE,1981,402714800
Oceania,OWID_OCE,1982,298864320
Oceania,OWID_OCE,1983,284758500
Oceania,OWID_OCE,1984,279181700
Oceania,OWID_OCE,1985,260087330
Oceania,OWID_OCE,1986,266303710
Oceania,OWID_OCE,1987,309198500
Oceania,OWID_OCE,1988,326235600
Oceania,OWID_OCE,1989,326836380
Oceania,OWID_OCE,1990,321551800
Oceania,OWID_OCE,1991,314025820
Oceania,OWID_OCE,1992,301110820
Oceania,OWID_OCE,1993,362088830
Oceania,OWID_OCE,1994,321789340
Oceania,OWID_OCE,1995,314845730
Oceania,OWID_OCE,1996,328164100
Oceania,OWID_OCE,1997,351398460
Oceania,OWID_OCE,1998,360975870
Oceania,OWID_OCE,1999,533402400
Oceania,OWID_OCE,2000,533402400
Oceania,OWID_OCE,2001,537663200
Oceania,OWID_OCE,2002,608584000
Oceania,OWID_OCE,2003,624772350
Oceania,OWID_OCE,2004,603277300
Oceania,OWID_OCE,2005,283391680
Oceania,OWID_OCE,2006,275048030
Oceania,OWID_OCE,2007,299657660
Oceania,OWID_OCE,2008,261216130
Oceania,OWID_OCE,2009,262011070
Oceania,OWID_OCE,2010,551050000
Oceania,OWID_OCE,2011,559396800
Oceania,OWID_OCE,2012,270876200
Oceania,OWID_OCE,2013,265335490
Oceania,OWID_OCE,2014,269894270
Oceania,OWID_OCE,2015,228207020
Oceania,OWID_OCE,2016,228520220
Oceania,OWID_OCE,2017,323908000
Oceania,OWID_OCE,2018,427442750
Oceania,OWID_OCE,2019,423854880
Oceania,OWID_OCE,2020,420911420
Oceania,OWID_OCE,2021,420783580
Oman,OMN,1980,381569540
Oman,OMN,1981,372030270
Oman,OMN,1982,408597340
Oman,OMN,1983,434035330
Oman,OMN,1984,443574560
Oman,OMN,1985,556455550
Oman,OMN,1986,635949200
Oman,OMN,1987,641036800
Oman,OMN,1988,637857100
Oman,OMN,1989,647262700
Oman,OMN,1990,675696000
Oman,OMN,1991,683645440
Oman,OMN,1992,675696000
Oman,OMN,1993,712740030
Oman,OMN,1994,747240260
Oman,OMN,1995,767590700
Oman,OMN,1996,816876740
Oman,OMN,1997,816876740
Oman,OMN,1998,832775500
Oman,OMN,1999,839929900
Oman,OMN,2000,839929900
Oman,OMN,2001,875384060
Oman,OMN,2002,875384060
Oman,OMN,2003,875384060
Oman,OMN,2004,875384060
Oman,OMN,2005,875384060
Oman,OMN,2006,875384060
Oman,OMN,2007,874430140
Oman,OMN,2008,874430140
Oman,OMN,2009,874430140
Oman,OMN,2010,874430140
Oman,OMN,2011,874430140
Oman,OMN,2012,874430140
Oman,OMN,2013,874430140
Oman,OMN,2014,790850500
Oman,OMN,2015,818943600
Oman,OMN,2016,843586600
Oman,OMN,2017,854238800
Oman,OMN,2018,854238800
Oman,OMN,2019,854238800
Oman,OMN,2020,854238800
Oman,OMN,2021,854238800
Pakistan,PAK,1980,31797460
Pakistan,PAK,1981,31241004
Pakistan,PAK,1982,38156950
Pakistan,PAK,1983,31209206
Pakistan,PAK,1984,13180048
Pakistan,PAK,1985,13036959
Pakistan,PAK,1986,17329616
Pakistan,PAK,1987,15262781
Pakistan,PAK,1988,15262781
Pakistan,PAK,1989,27097478
Pakistan,PAK,1990,18850010
Pakistan,PAK,1991,25769774
Pakistan,PAK,1992,25755942
Pakistan,PAK,1993,65502770
Pakistan,PAK,1994,32319574
Pakistan,PAK,1995,32319574
Pakistan,PAK,1996,32319574
Pakistan,PAK,1997,33069360
Pakistan,PAK,1998,33069360
Pakistan,PAK,1999,33069360
Pakistan,PAK,2000,33069360
Pakistan,PAK,2001,33069360
Pakistan,PAK,2002,47415896
Pakistan,PAK,2003,49356496
Pakistan,PAK,2004,45895660
Pakistan,PAK,2005,45895660
Pakistan,PAK,2006,45979444
Pakistan,PAK,2007,45979444
Pakistan,PAK,2008,45979444
Pakistan,PAK,2009,53896692
Pakistan,PAK,2010,49763024
Pakistan,PAK,2011,49763024
Pakistan,PAK,2012,44619310
Pakistan,PAK,2013,39354130
Pakistan,PAK,2014,54362844
Pakistan,PAK,2015,58984290
Pakistan,PAK,2016,56202012
Pakistan,PAK,2017,55745716
Pakistan,PAK,2018,52810172
Pakistan,PAK,2019,54505616
Pakistan,PAK,2020,90375690
Pakistan,PAK,2021,85853144
Palestine,PSE,1997,0
Palestine,PSE,1998,0
Palestine,PSE,1999,0
Palestine,PSE,2000,0
Palestine,PSE,2001,0
Palestine,PSE,2002,0
Palestine,PSE,2003,0
Palestine,PSE,2004,0
Palestine,PSE,2005,0
Palestine,PSE,2006,0
Palestine,PSE,2007,0
Palestine,PSE,2008,0
Palestine,PSE,2009,0
Palestine,PSE,2010,0
Palestine,PSE,2011,0
Palestine,PSE,2012,0
Palestine,PSE,2013,0
Palestine,PSE,2014,0
Palestine,PSE,2015,0
Palestine,PSE,2016,0
Palestine,PSE,2017,0
Palestine,PSE,2018,0
Palestine,PSE,2019,0
Palestine,PSE,2020,0
Palestine,PSE,2021,0
Panama,PAN,1980,0
Panama,PAN,1981,0
Panama,PAN,1982,0
Panama,PAN,1983,0
Panama,PAN,1984,0
Panama,PAN,1985,0
Panama,PAN,1986,0
Panama,PAN,1987,0
Panama,PAN,1988,0
Panama,PAN,1989,0
Panama,PAN,1990,0
Panama,PAN,1991,0
Panama,PAN,1992,0
Panama,PAN,1993,0
Panama,PAN,1994,0
Panama,PAN,1995,0
Panama,PAN,1996,0
Panama,PAN,1997,0
Panama,PAN,1998,0
Panama,PAN,1999,0
Panama,PAN,2000,0
Panama,PAN,2001,0
Panama,PAN,2002,0
Panama,PAN,2003,0
Panama,PAN,2004,0
Panama,PAN,2005,0
Panama,PAN,2006,0
Panama,PAN,2007,0
Panama,PAN,2008,0
Panama,PAN,2009,0
Panama,PAN,2010,0
Panama,PAN,2011,0
Panama,PAN,2012,0
Panama,PAN,2013,0
Panama,PAN,2014,0
Panama,PAN,2015,0
Panama,PAN,2016,0
Panama,PAN,2017,0
Panama,PAN,2018,0
Panama,PAN,2019,0
Panama,PAN,2020,0
Panama,PAN,2021,0
Papua New Guinea,PNG,1985,7949365
Papua New Guinea,PNG,1986,7949365
Papua New Guinea,PNG,1987,10334174
Papua New Guinea,PNG,1988,31797460
Papua New Guinea,PNG,1989,31797460
Papua New Guinea,PNG,1990,31797460
Papua New Guinea,PNG,1991,31797460
Papua New Guinea,PNG,1992,31797460
Papua New Guinea,PNG,1993,54055684
Papua New Guinea,PNG,1994,40287380
Papua New Guinea,PNG,1995,36408092
Papua New Guinea,PNG,1996,63594920
Papua New Guinea,PNG,1997,43721508
Papua New Guinea,PNG,1998,51670870
Papua New Guinea,PNG,1999,52942772
Papua New Guinea,PNG,2000,52942772
Papua New Guinea,PNG,2001,57203630
Papua New Guinea,PNG,2002,37893828
Papua New Guinea,PNG,2003,38156950
Papua New Guinea,PNG,2004,38156950
Papua New Guinea,PNG,2005,38156950
Papua New Guinea,PNG,2006,38156950
Papua New Guinea,PNG,2007,38156950
Papua New Guinea,PNG,2008,13990882
Papua New Guinea,PNG,2009,13990882
Papua New Guinea,PNG,2010,13990882
Papua New Guinea,PNG,2011,13990882
Papua New Guinea,PNG,2012,28935688
Papua New Guinea,PNG,2013,24525380
Papua New Guinea,PNG,2014,29561146
Papua New Guinea,PNG,2015,27851236
Papua New Guinea,PNG,2016,28657302
Papua New Guinea,PNG,2017,25345756
Papua New Guinea,PNG,2018,29226000
Papua New Guinea,PNG,2019,27255032
Papua New Guinea,PNG,2020,25144956
Papua New Guinea,PNG,2021,25383276
Paraguay,PRY,1980,0
Paraguay,PRY,1981,0
Paraguay,PRY,1982,0
Paraguay,PRY,1983,0
Paraguay,PRY,1984,0
Paraguay,PRY,1985,0
Paraguay,PRY,1986,0
Paraguay,PRY,1987,0
Paraguay,PRY,1988,0
Paraguay,PRY,1989,0
Paraguay,PRY,1990,0
Paraguay,PRY,1991,0
Paraguay,PRY,1992,0
Paraguay,PRY,1993,0
Paraguay,PRY,1994,0
Paraguay,PRY,1995,0
Paraguay,PRY,1996,0
Paraguay,PRY,1997,0
Paraguay,PRY,1998,0
Paraguay,PRY,1999,0
Paraguay,PRY,2000,0
Paraguay,PRY,2001,0
Paraguay,PRY,2002,0
Paraguay,PRY,2003,0
Paraguay,PRY,2004,0
Paraguay,PRY,2005,0
Paraguay,PRY,2006,0
Paraguay,PRY,2007,0
Paraguay,PRY,2008,0
Paraguay,PRY,2009,0
Paraguay,PRY,2010,0
Paraguay,PRY,2011,0
Paraguay,PRY,2012,0
Paraguay,PRY,2013,0
Paraguay,PRY,2014,0
Paraguay,PRY,2015,0
Paraguay,PRY,2016,0
Paraguay,PRY,2017,0
Paraguay,PRY,2018,0
Paraguay,PRY,2019,0
Paraguay,PRY,2020,0
Paraguay,PRY,2021,0
Peru,PER,1980,104136680
Peru,PER,1981,103341740
Peru,PER,1982,127398110
Peru,PER,1983,132807816
Peru,PER,1984,123231060
Peru,PER,1985,106537384
Peru,PER,1986,101115920
Peru,PER,1987,86807064
Peru,PER,1988,81379240
Peru,PER,1989,72626350
Peru,PER,1990,65499428
Peru,PER,1991,64538824
Peru,PER,1992,60761924
Peru,PER,1993,60552856
Peru,PER,1994,60558260
Peru,PER,1995,127189840
Peru,PER,1996,128525330
Peru,PER,1997,128525330
Peru,PER,1998,127189840
Peru,PER,1999,51435730
Peru,PER,2000,56440490
Peru,PER,2001,49286064
Peru,PER,2002,51415376
Peru,PER,2003,51415376
Peru,PER,2004,45359076
Peru,PER,2005,151483090
Peru,PER,2006,147794600
Peru,PER,2007,147794600
Peru,PER,2008,60870830
Peru,PER,2009,66101990
Peru,PER,2010,71128056
Peru,PER,2011,84686180
Peru,PER,2012,92535380
Peru,PER,2013,92085450
Peru,PER,2014,100624020
Peru,PER,2015,117844410
Peru,PER,2016,108537620
Peru,PER,2017,75200990
Peru,PER,2018,194699820
Peru,PER,2019,194699820
Peru,PER,2020,156612030
Peru,PER,2021,136552600
Philippines,PHL,1980,3974682.5
Philippines,PHL,1981,3179746
Philippines,PHL,1982,3656708
Philippines,PHL,1983,5659947.5
Philippines,PHL,1984,2591493
Philippines,PHL,1985,2591493
Philippines,PHL,1986,2591493
Philippines,PHL,1987,2686885.2
Philippines,PHL,1988,2543797
Philippines,PHL,1989,2511999.2
Philippines,PHL,1990,2384809.5
Philippines,PHL,1991,6150900.5
Philippines,PHL,1992,6041517
Philippines,PHL,1993,23456986
Philippines,PHL,1994,44357460
Philippines,PHL,1995,37997964
Philippines,PHL,1996,34357156
Philippines,PHL,1997,33864296
Philippines,PHL,1998,33816596
Philippines,PHL,1999,36249104
Philippines,PHL,2000,45947332
Philippines,PHL,2001,45947332
Philippines,PHL,2002,28309278
Philippines,PHL,2003,24166068
Philippines,PHL,2004,24166068
Philippines,PHL,2005,24166068
Philippines,PHL,2006,22019742
Philippines,PHL,2007,22019742
Philippines,PHL,2008,22019742
Philippines,PHL,2009,22019742
Philippines,PHL,2010,22019742
Philippines,PHL,2011,22019742
Philippines,PHL,2012,22019742
Philippines,PHL,2013,22019742
Philippines,PHL,2014,22019742
Philippines,PHL,2015,22019742
Philippines,PHL,2016,22019742
Philippines,PHL,2017,22019742
Philippines,PHL,2018,22019742
Philippines,PHL,2019,22019742
Philippines,PHL,2020,22019742
Philippines,PHL,2021,22019742
Poland,POL,1992,4769619
Poland,POL,1993,6710536
Poland,POL,1994,5849620
Poland,POL,1995,5613841.5
Poland,POL,1996,4981708.5
Poland,POL,1997,6368554
Poland,POL,1998,6368554
Poland,POL,1999,18264938
Poland,POL,2000,18264938
Poland,POL,2001,18264938
Poland,POL,2002,18264938
Poland,POL,2003,15322402
Poland,POL,2004,15322402
Poland,POL,2005,15322402
Poland,POL,2006,15322402
Poland,POL,2007,15322402
Poland,POL,2008,15322402
Poland,POL,2009,15322402
Poland,POL,2010,15322402
Poland,POL,2011,15322402
Poland,POL,2012,24643032
Poland,POL,2013,24884692
Poland,POL,2014,24412976
Poland,POL,2015,22726440
Poland,POL,2016,21900818
Poland,POL,2017,21900818
Poland,POL,2018,20350376
Poland,POL,2019,19714424
Poland,POL,2020,18919490
Poland,POL,2021,17965564
Portugal,PRT,1980,0
Portugal,PRT,1981,0
Portugal,PRT,1982,0
Portugal,PRT,1983,0
Portugal,PRT,1984,0
Portugal,PRT,1985,0
Portugal,PRT,1986,0
Portugal,PRT,1987,0
Portugal,PRT,1988,0
Portugal,PRT,1989,0
Portugal,PRT,1990,0
Portugal,PRT,1991,0
Portugal,PRT,1992,0
Portugal,PRT,1993,0
Portugal,PRT,1994,0
Portugal,PRT,1995,0
Portugal,PRT,1996,0
Portugal,PRT,1997,0
Portugal,PRT,1998,0
Portugal,PRT,1999,0
Portugal,PRT,2000,0
Portugal,PRT,2001,0
Portugal,PRT,2002,0
Portugal,PRT,2003,0
Portugal,PRT,2004,0
Portugal,PRT,2005,0
Portugal,PRT,2006,0
Portugal,PRT,2007,0
Portugal,PRT,2008,0
Portugal,PRT,2009,0
Portugal,PRT,2010,0
Portugal,PRT,2011,0
Portugal,PRT,2012,0
Portugal,PRT,2013,0
Portugal,PRT,2014,0
Portugal,PRT,2015,0
Portugal,PRT,2016,0
Portugal,PRT,2017,0
Portugal,PRT,2018,0
Portugal,PRT,2019,0
Portugal,PRT,2020,0
Portugal,PRT,2021,0
Puerto Rico,PRI,1980,0
Puerto Rico,PRI,1981,0
Puerto Rico,PRI,1982,0
Puerto Rico,PRI,1983,0
Puerto Rico,PRI,1984,0
Puerto Rico,PRI,1985,0
Puerto Rico,PRI,1986,0
Puerto Rico,PRI,1987,0
Puerto Rico,PRI,1988,0
Puerto Rico,PRI,1989,0
Puerto Rico,PRI,1990,0
Puerto Rico,PRI,1991,0
Puerto Rico,PRI,1992,0
Puerto Rico,PRI,1993,0
Puerto Rico,PRI,1994,0
Puerto Rico,PRI,1995,0
Puerto Rico,PRI,1996,0
Puerto Rico,PRI,1997,0
Puerto Rico,PRI,1998,0
Puerto Rico,PRI,1999,0
Puerto Rico,PRI,2000,0
Puerto Rico,PRI,2001,0
Puerto Rico,PRI,2002,0
Puerto Rico,PRI,2003,0
Puerto Rico,PRI,2004,0
Puerto Rico,PRI,2005,0
Puerto Rico,PRI,2006,0
Puerto Rico,PRI,2007,0
Puerto Rico,PRI,2008,0
Puerto Rico,PRI,2009,0
Puerto Rico,PRI,2010,0
Puerto Rico,PRI,2011,0
Puerto Rico,PRI,2012,0
Puerto Rico,PRI,2013,0
Puerto Rico,PRI,2014,0
Puerto Rico,PRI,2015,0
Puerto Rico,PRI,2016,0
Puerto Rico,PRI,2017,0
Puerto Rico,PRI,2018,0
Puerto Rico,PRI,2019,0
Puerto Rico,PRI,2020,0
Puerto Rico,PRI,2021,0
Qatar,QAT,1980,597792260
Qatar,QAT,1981,569969500
Qatar,QAT,1982,545962400
Qatar,QAT,1983,544531500
Qatar,QAT,1984,529427700
Qatar,QAT,1985,532607420
Qatar,QAT,1986,524658080
Qatar,QAT,1987,501445950
Qatar,QAT,1988,500810020
Qatar,QAT,1989,500810020
Qatar,QAT,1990,715442900
Qatar,QAT,1991,715442900
Qatar,QAT,1992,592863700
Qatar,QAT,1993,592863700
Qatar,QAT,1994,592863700
Qatar,QAT,1995,588253000
Qatar,QAT,1996,588253000
Qatar,QAT,1997,588253000
Qatar,QAT,1998,588253000
Qatar,QAT,1999,588253000
Qatar,QAT,2000,588253000
Qatar,QAT,2001,2091795800
Qatar,QAT,2002,2417719800
Qatar,QAT,2003,2417719800
Qatar,QAT,2004,2417719800
Qatar,QAT,2005,2417719800
Qatar,QAT,2006,2417719800
Qatar,QAT,2007,2417719800
Qatar,QAT,2008,2417719800
Qatar,QAT,2009,2418196700
Qatar,QAT,2010,4039867400
Qatar,QAT,2011,4035097600
Qatar,QAT,2012,4035097600
Qatar,QAT,2013,4035097600
Qatar,QAT,2014,4012839400
Qatar,QAT,2015,4013475300
Qatar,QAT,2016,4013475300
Qatar,QAT,2017,4013475300
Qatar,QAT,2018,4013475300
Qatar,QAT,2019,4013475300
Qatar,QAT,2020,4013475300
Qatar,QAT,2021,4013475300
Reunion,REU,1980,0
Reunion,REU,1981,0
Reunion,REU,1982,0
Reunion,REU,1983,0
Reunion,REU,1984,0
Reunion,REU,1985,0
Reunion,REU,1986,0
Reunion,REU,1987,0
Reunion,REU,1988,0
Reunion,REU,1989,0
Reunion,REU,1990,0
Reunion,REU,1991,0
Reunion,REU,1992,0
Reunion,REU,1993,0
Reunion,REU,1994,0
Reunion,REU,1995,0
Reunion,REU,1996,0
Reunion,REU,1997,0
Reunion,REU,1998,0
Reunion,REU,1999,0
Reunion,REU,2000,0
Reunion,REU,2001,0
Reunion,REU,2002,0
Reunion,REU,2003,0
Reunion,REU,2004,0
Reunion,REU,2005,0
Reunion,REU,2006,0
Reunion,REU,2007,0
Reunion,REU,2008,0
Reunion,REU,2009,0
Reunion,REU,2010,0
Reunion,REU,2011,0
Reunion,REU,2012,0
Reunion,REU,2013,0
Reunion,REU,2014,0
Reunion,REU,2015,0
Reunion,REU,2016,0
Reunion,REU,2017,0
Reunion,REU,2018,0
Reunion,REU,2019,0
Reunion,REU,2020,0
Reunion,REU,2021,0
Romania,ROU,1991,186015140
Romania,ROU,1992,182835400
Romania,ROU,1993,249411950
Romania,ROU,1994,249411950
Romania,ROU,1995,255333600
Romania,ROU,1996,255333600
Romania,ROU,1997,255333600
Romania,ROU,1998,255333600
Romania,ROU,1999,226738140
Romania,ROU,2000,226738140
Romania,ROU,2001,226738140
Romania,ROU,2002,151931440
Romania,ROU,2003,151931440
Romania,ROU,2004,151931440
Romania,ROU,2005,151931440
Romania,ROU,2006,151931440
Romania,ROU,2007,95392380
Romania,ROU,2008,95392380
Romania,ROU,2009,95392380
Romania,ROU,2010,95392380
Romania,ROU,2011,95392380
Romania,ROU,2012,95392380
Romania,ROU,2013,95392380
Romania,ROU,2014,95392380
Romania,ROU,2015,95392380
Romania,ROU,2016,95392380
Romania,ROU,2017,95392380
Romania,ROU,2018,95392380
Romania,ROU,2019,95392380
Romania,ROU,2020,95392380
Romania,ROU,2021,95392380
Russia,RUS,1997,7722490400
Russia,RUS,1998,7722490400
Russia,RUS,1999,7722490400
Russia,RUS,2000,7722490400
Russia,RUS,2001,7722490400
Russia,RUS,2002,7722490400
Russia,RUS,2003,9539238000
Russia,RUS,2004,9539238000
Russia,RUS,2005,9539238000
Russia,RUS,2006,9539238000
Russia,RUS,2007,9539238000
Russia,RUS,2008,9539238000
Russia,RUS,2009,9539238000
Russia,RUS,2010,9539238000
Russia,RUS,2011,9539238000
Russia,RUS,2012,9539238000
Russia,RUS,2013,12718984000
Russia,RUS,2014,12718984000
Russia,RUS,2015,12718984000
Russia,RUS,2016,12718984000
Russia,RUS,2017,12718984000
Russia,RUS,2018,12718984000
Russia,RUS,2019,12718984000
Russia,RUS,2020,12718984000
Russia,RUS,2021,12718984000
Rwanda,RWA,1980,0
Rwanda,RWA,1981,0
Rwanda,RWA,1982,0
Rwanda,RWA,1983,0
Rwanda,RWA,1984,0
Rwanda,RWA,1985,0
Rwanda,RWA,1986,0
Rwanda,RWA,1987,0
Rwanda,RWA,1988,0
Rwanda,RWA,1989,0
Rwanda,RWA,1990,0
Rwanda,RWA,1991,0
Rwanda,RWA,1992,0
Rwanda,RWA,1993,0
Rwanda,RWA,1994,0
Rwanda,RWA,1995,0
Rwanda,RWA,1996,0
Rwanda,RWA,1997,0
Rwanda,RWA,1998,0
Rwanda,RWA,1999,0
Rwanda,RWA,2000,0
Rwanda,RWA,2001,0
Rwanda,RWA,2002,0
Rwanda,RWA,2003,0
Rwanda,RWA,2004,0
Rwanda,RWA,2005,0
Rwanda,RWA,2006,0
Rwanda,RWA,2007,0
Rwanda,RWA,2008,0
Rwanda,RWA,2009,0
Rwanda,RWA,2010,0
Rwanda,RWA,2011,0
Rwanda,RWA,2012,0
Rwanda,RWA,2013,0
Rwanda,RWA,2014,0
Rwanda,RWA,2015,0
Rwanda,RWA,2016,0
Rwanda,RWA,2017,0
Rwanda,RWA,2018,0
Rwanda,RWA,2019,0
Rwanda,RWA,2020,0
Rwanda,RWA,2021,0
Saint Helena,SHN,1980,0
Saint Helena,SHN,1981,0
Saint Helena,SHN,1982,0
Saint Helena,SHN,1983,0
Saint Helena,SHN,1984,0
Saint Helena,SHN,1985,0
Saint Helena,SHN,1986,0
Saint Helena,SHN,1987,0
Saint Helena,SHN,1988,0
Saint Helena,SHN,1989,0
Saint Helena,SHN,1990,0
Saint Helena,SHN,1991,0
Saint Helena,SHN,1992,0
Saint Helena,SHN,1993,0
Saint Helena,SHN,1994,0
Saint Helena,SHN,1995,0
Saint Helena,SHN,1996,0
Saint Helena,SHN,1997,0
Saint Helena,SHN,1998,0
Saint Helena,SHN,1999,0
Saint Helena,SHN,2000,0
Saint Helena,SHN,2001,0
Saint Helena,SHN,2002,0
Saint Helena,SHN,2003,0
Saint Helena,SHN,2004,0
Saint Helena,SHN,2005,0
Saint Helena,SHN,2006,0
Saint Helena,SHN,2007,0
Saint Helena,SHN,2008,0
Saint Helena,SHN,2009,0
Saint Helena,SHN,2010,0
Saint Helena,SHN,2011,0
Saint Helena,SHN,2012,0
Saint Helena,SHN,2013,0
Saint Helena,SHN,2014,0
Saint Helena,SHN,2015,0
Saint Helena,SHN,2016,0
Saint Helena,SHN,2017,0
Saint Helena,SHN,2018,0
Saint Helena,SHN,2019,0
Saint Helena,SHN,2020,0
Saint Helena,SHN,2021,0
Saint Kitts and Nevis,KNA,1980,0
Saint Kitts and Nevis,KNA,1981,0
Saint Kitts and Nevis,KNA,1982,0
Saint Kitts and Nevis,KNA,1983,0
Saint Kitts and Nevis,KNA,1984,0
Saint Kitts and Nevis,KNA,1985,0
Saint Kitts and Nevis,KNA,1986,0
Saint Kitts and Nevis,KNA,1987,0
Saint Kitts and Nevis,KNA,1988,0
Saint Kitts and Nevis,KNA,1989,0
Saint Kitts and Nevis,KNA,1990,0
Saint Kitts and Nevis,KNA,1991,0
Saint Kitts and Nevis,KNA,1992,0
Saint Kitts and Nevis,KNA,1993,0
Saint Kitts and Nevis,KNA,1994,0
Saint Kitts and Nevis,KNA,1995,0
Saint Kitts and Nevis,KNA,1996,0
Saint Kitts and Nevis,KNA,1997,0
Saint Kitts and Nevis,KNA,1998,0
Saint Kitts and Nevis,KNA,1999,0
Saint Kitts and Nevis,KNA,2000,0
Saint Kitts and Nevis,KNA,2001,0
Saint Kitts and Nevis,KNA,2002,0
Saint Kitts and Nevis,KNA,2003,0
Saint Kitts and Nevis,KNA,2004,0
Saint Kitts and Nevis,KNA,2005,0
Saint Kitts and Nevis,KNA,2006,0
Saint Kitts and Nevis,KNA,2007,0
Saint Kitts and Nevis,KNA,2008,0
Saint Kitts and Nevis,KNA,2009,0
Saint Kitts and Nevis,KNA,2010,0
Saint Kitts and Nevis,KNA,2011,0
Saint Kitts and Nevis,KNA,2012,0
Saint Kitts and Nevis,KNA,2013,0
Saint Kitts and Nevis,KNA,2014,0
Saint Kitts and Nevis,KNA,2015,0
Saint Kitts and Nevis,KNA,2016,0
Saint Kitts and Nevis,KNA,2017,0
Saint Kitts and Nevis,KNA,2018,0
Saint Kitts and Nevis,KNA,2019,0
Saint Kitts and Nevis,KNA,2020,0
Saint Kitts and Nevis,KNA,2021,0
Saint Lucia,LCA,1980,0
Saint Lucia,LCA,1981,0
Saint Lucia,LCA,1982,0
Saint Lucia,LCA,1983,0
Saint Lucia,LCA,1984,0
Saint Lucia,LCA,1985,0
Saint Lucia,LCA,1986,0
Saint Lucia,LCA,1987,0
Saint Lucia,LCA,1988,0
Saint Lucia,LCA,1989,0
Saint Lucia,LCA,1990,0
Saint Lucia,LCA,1991,0
Saint Lucia,LCA,1992,0
Saint Lucia,LCA,1993,0
Saint Lucia,LCA,1994,0
Saint Lucia,LCA,1995,0
Saint Lucia,LCA,1996,0
Saint Lucia,LCA,1997,0
Saint Lucia,LCA,1998,0
Saint Lucia,LCA,1999,0
Saint Lucia,LCA,2000,0
Saint Lucia,LCA,2001,0
Saint Lucia,LCA,2002,0
Saint Lucia,LCA,2003,0
Saint Lucia,LCA,2004,0
Saint Lucia,LCA,2005,0
Saint Lucia,LCA,2006,0
Saint Lucia,LCA,2007,0
Saint Lucia,LCA,2008,0
Saint Lucia,LCA,2009,0
Saint Lucia,LCA,2010,0
Saint Lucia,LCA,2011,0
Saint Lucia,LCA,2012,0
Saint Lucia,LCA,2013,0
Saint Lucia,LCA,2014,0
Saint Lucia,LCA,2015,0
Saint Lucia,LCA,2016,0
Saint Lucia,LCA,2017,0
Saint Lucia,LCA,2018,0
Saint Lucia,LCA,2019,0
Saint Lucia,LCA,2020,0
Saint Lucia,LCA,2021,0
Saint Pierre and Miquelon,SPM,1980,0
Saint Pierre and Miquelon,SPM,1981,0
Saint Pierre and Miquelon,SPM,1982,0
Saint Pierre and Miquelon,SPM,1983,0
Saint Pierre and Miquelon,SPM,1984,0
Saint Pierre and Miquelon,SPM,1985,0
Saint Pierre and Miquelon,SPM,1986,0
Saint Pierre and Miquelon,SPM,1987,0
Saint Pierre and Miquelon,SPM,1988,0
Saint Pierre and Miquelon,SPM,1989,0
Saint Pierre and Miquelon,SPM,1990,0
Saint Pierre and Miquelon,SPM,1991,0
Saint Pierre and Miquelon,SPM,1992,0
Saint Pierre and Miquelon,SPM,1993,0
Saint Pierre and Miquelon,SPM,1994,0
Saint Pierre and Miquelon,SPM,1995,0
Saint Pierre and Miquelon,SPM,1996,0
Saint Pierre and Miquelon,SPM,1997,0
Saint Pierre and Miquelon,SPM,1998,0
Saint Pierre and Miquelon,SPM,1999,0
Saint Pierre and Miquelon,SPM,2000,0
Saint Pierre and Miquelon,SPM,2001,0
Saint Pierre and Miquelon,SPM,2002,0
Saint Pierre and Miquelon,SPM,2003,0
Saint Pierre and Miquelon,SPM,2004,0
Saint Pierre and Miquelon,SPM,2005,0
Saint Pierre and Miquelon,SPM,2006,0
Saint Pierre and Miquelon,SPM,2007,0
Saint Pierre and Miquelon,SPM,2008,0
Saint Pierre and Miquelon,SPM,2009,0
Saint Pierre and Miquelon,SPM,2010,0
Saint Pierre and Miquelon,SPM,2011,0
Saint Pierre and Miquelon,SPM,2012,0
Saint Pierre and Miquelon,SPM,2013,0
Saint Pierre and Miquelon,SPM,2014,0
Saint Pierre and Miquelon,SPM,2015,0
Saint Pierre and Miquelon,SPM,2016,0
Saint Pierre and Miquelon,SPM,2017,0
Saint Pierre and Miquelon,SPM,2018,0
Saint Pierre and Miquelon,SPM,2019,0
Saint Pierre and Miquelon,SPM,2020,0
Saint Pierre and Miquelon,SPM,2021,0
Saint Vincent and the Grenadines,VCT,1980,0
Saint Vincent and the Grenadines,VCT,1981,0
Saint Vincent and the Grenadines,VCT,1982,0
Saint Vincent and the Grenadines,VCT,1983,0
Saint Vincent and the Grenadines,VCT,1984,0
Saint Vincent and the Grenadines,VCT,1985,0
Saint Vincent and the Grenadines,VCT,1986,0
Saint Vincent and the Grenadines,VCT,1987,0
Saint Vincent and the Grenadines,VCT,1988,0
Saint Vincent and the Grenadines,VCT,1989,0
Saint Vincent and the Grenadines,VCT,1990,0
Saint Vincent and the Grenadines,VCT,1991,0
Saint Vincent and the Grenadines,VCT,1992,0
Saint Vincent and the Grenadines,VCT,1993,0
Saint Vincent and the Grenadines,VCT,1994,0
Saint Vincent and the Grenadines,VCT,1995,0
Saint Vincent and the Grenadines,VCT,1996,0
Saint Vincent and the Grenadines,VCT,1997,0
Saint Vincent and the Grenadines,VCT,1998,0
Saint Vincent and the Grenadines,VCT,1999,0
Saint Vincent and the Grenadines,VCT,2000,0
Saint Vincent and the Grenadines,VCT,2001,0
Saint Vincent and the Grenadines,VCT,2002,0
Saint Vincent and the Grenadines,VCT,2003,0
Saint Vincent and the Grenadines,VCT,2004,0
Saint Vincent and the Grenadines,VCT,2005,0
Saint Vincent and the Grenadines,VCT,2006,0
Saint Vincent and the Grenadines,VCT,2007,0
Saint Vincent and the Grenadines,VCT,2008,0
Saint Vincent and the Grenadines,VCT,2009,0
Saint Vincent and the Grenadines,VCT,2010,0
Saint Vincent and the Grenadines,VCT,2011,0
Saint Vincent and the Grenadines,VCT,2012,0
Saint Vincent and the Grenadines,VCT,2013,0
Saint Vincent and the Grenadines,VCT,2014,0
Saint Vincent and the Grenadines,VCT,2015,0
Saint Vincent and the Grenadines,VCT,2016,0
Saint Vincent and the Grenadines,VCT,2017,0
Saint Vincent and the Grenadines,VCT,2018,0
Saint Vincent and the Grenadines,VCT,2019,0
Saint Vincent and the Grenadines,VCT,2020,0
Saint Vincent and the Grenadines,VCT,2021,0
Samoa,WSM,1980,0
Samoa,WSM,1981,0
Samoa,WSM,1982,0
Samoa,WSM,1983,0
Samoa,WSM,1984,0
Samoa,WSM,1985,0
Samoa,WSM,1986,0
Samoa,WSM,1987,0
Samoa,WSM,1988,0
Samoa,WSM,1989,0
Samoa,WSM,1990,0
Samoa,WSM,1991,0
Samoa,WSM,1992,0
Samoa,WSM,1993,0
Samoa,WSM,1994,0
Samoa,WSM,1995,0
Samoa,WSM,1996,0
Samoa,WSM,1997,0
Samoa,WSM,1998,0
Samoa,WSM,1999,0
Samoa,WSM,2000,0
Samoa,WSM,2001,0
Samoa,WSM,2002,0
Samoa,WSM,2003,0
Samoa,WSM,2004,0
Samoa,WSM,2005,0
Samoa,WSM,2006,0
Samoa,WSM,2007,0
Samoa,WSM,2008,0
Samoa,WSM,2009,0
Samoa,WSM,2010,0
Samoa,WSM,2011,0
Samoa,WSM,2012,0
Samoa,WSM,2013,0
Samoa,WSM,2014,0
Samoa,WSM,2015,0
Samoa,WSM,2016,0
Samoa,WSM,2017,0
Samoa,WSM,2018,0
Samoa,WSM,2019,0
Samoa,WSM,2020,0
Samoa,WSM,2021,0
Sao Tome and Principe,STP,1980,0
Sao Tome and Principe,STP,1981,0
Sao Tome and Principe,STP,1982,0
Sao Tome and Principe,STP,1983,0
Sao Tome and Principe,STP,1984,0
Sao Tome and Principe,STP,1985,0
Sao Tome and Principe,STP,1986,0
Sao Tome and Principe,STP,1987,0
Sao Tome and Principe,STP,1988,0
Sao Tome and Principe,STP,1989,0
Sao Tome and Principe,STP,1990,0
Sao Tome and Principe,STP,1991,0
Sao Tome and Principe,STP,1992,0
Sao Tome and Principe,STP,1993,0
Sao Tome and Principe,STP,1994,0
Sao Tome and Principe,STP,1995,0
Sao Tome and Principe,STP,1996,0
Sao Tome and Principe,STP,1997,0
Sao Tome and Principe,STP,1998,0
Sao Tome and Principe,STP,1999,0
Sao Tome and Principe,STP,2000,0
Sao Tome and Principe,STP,2001,0
Sao Tome and Principe,STP,2002,0
Sao Tome and Principe,STP,2003,0
Sao Tome and Principe,STP,2004,0
Sao Tome and Principe,STP,2005,0
Sao Tome and Principe,STP,2006,0
Sao Tome and Principe,STP,2007,0
Sao Tome and Principe,STP,2008,0
Sao Tome and Principe,STP,2009,0
Sao Tome and Principe,STP,2010,0
Sao Tome and Principe,STP,2011,0
Sao Tome and Principe,STP,2012,0
Sao Tome and Principe,STP,2013,0
Sao Tome and Principe,STP,2014,0
Sao Tome and Principe,STP,2015,0
Sao Tome and Principe,STP,2016,0
Sao Tome and Principe,STP,2017,0
Sao Tome and Principe,STP,2018,0
Sao Tome and Principe,STP,2019,0
Sao Tome and Principe,STP,2020,0
Sao Tome and Principe,STP,2021,0
Saudi Arabia,SAU,1980,26468205000
Saudi Arabia,SAU,1981,26714636000
Saudi Arabia,SAU,1982,26686020000
Saudi Arabia,SAU,1983,26283782000
Saudi Arabia,SAU,1984,26844609000
Saudi Arabia,SAU,1985,27299710000
Saudi Arabia,SAU,1986,27264733000
Saudi Arabia,SAU,1987,26897470000
Saudi Arabia,SAU,1988,26961863000
Saudi Arabia,SAU,1989,27437232000
Saudi Arabia,SAU,1990,40948610000
Saudi Arabia,SAU,1991,41337330000
Saudi Arabia,SAU,1992,41391075000
Saudi Arabia,SAU,1993,41391075000
Saudi Arabia,SAU,1994,41527960000
Saudi Arabia,SAU,1995,41527960000
Saudi Arabia,SAU,1996,41527960000
Saudi Arabia,SAU,1997,41575180000
Saudi Arabia,SAU,1998,41575180000
Saudi Arabia,SAU,1999,41575180000
Saudi Arabia,SAU,2000,41893155000
Saudi Arabia,SAU,2001,41606980000
Saudi Arabia,SAU,2002,41614926000
Saudi Arabia,SAU,2003,41622872000
Saudi Arabia,SAU,2004,41638773000
Saudi Arabia,SAU,2005,41638773000
Saudi Arabia,SAU,2006,42021933000
Saudi Arabia,SAU,2007,42005877000
Saudi Arabia,SAU,2008,42012553000
Saudi Arabia,SAU,2009,42006032000
Saudi Arabia,SAU,2010,42006032000
Saudi Arabia,SAU,2011,42036240000
Saudi Arabia,SAU,2012,42055320000
Saudi Arabia,SAU,2013,42196820000
Saudi Arabia,SAU,2014,42266776000
Saudi Arabia,SAU,2015,42257076000
Saudi Arabia,SAU,2016,42382516000
Saudi Arabia,SAU,2017,42362958000
Saudi Arabia,SAU,2018,42323694000
Saudi Arabia,SAU,2019,42331960000
Saudi Arabia,SAU,2020,42453740000
Saudi Arabia,SAU,2021,41114116000
Senegal,SEN,1980,0
Senegal,SEN,1981,0
Senegal,SEN,1982,0
Senegal,SEN,1983,0
Senegal,SEN,1984,0
Senegal,SEN,1985,0
Senegal,SEN,1986,0
Senegal,SEN,1987,0
Senegal,SEN,1988,0
Senegal,SEN,1989,0
Senegal,SEN,1990,0
Senegal,SEN,1991,0
Senegal,SEN,1992,0
Senegal,SEN,1993,0
Senegal,SEN,1994,0
Senegal,SEN,1995,0
Senegal,SEN,1996,0
Senegal,SEN,1997,0
Senegal,SEN,1998,0
Senegal,SEN,1999,0
Senegal,SEN,2000,0
Senegal,SEN,2001,0
Senegal,SEN,2002,0
Senegal,SEN,2003,0
Senegal,SEN,2004,0
Senegal,SEN,2005,0
Senegal,SEN,2006,0
Senegal,SEN,2007,0
Senegal,SEN,2008,0
Senegal,SEN,2009,0
Senegal,SEN,2010,0
Senegal,SEN,2011,0
Senegal,SEN,2012,0
Senegal,SEN,2013,0
Senegal,SEN,2014,0
Senegal,SEN,2015,0
Senegal,SEN,2016,0
Senegal,SEN,2017,0
Senegal,SEN,2018,0
Senegal,SEN,2019,0
Senegal,SEN,2020,0
Senegal,SEN,2021,0
Serbia,SRB,2006,12321516
Serbia,SRB,2007,12321516
Serbia,SRB,2008,12321516
Serbia,SRB,2009,12321516
Serbia,SRB,2010,12321516
Serbia,SRB,2011,12321516
Serbia,SRB,2012,12321516
Serbia,SRB,2013,12321516
Serbia,SRB,2014,12321516
Serbia,SRB,2015,12321516
Serbia,SRB,2016,12321516
Serbia,SRB,2017,12321516
Serbia,SRB,2018,12321516
Serbia,SRB,2019,12321516
Serbia,SRB,2020,12321516
Serbia,SRB,2021,12321516
Serbia and Montenegro,OWID_SRM,1993,12321516
Serbia and Montenegro,OWID_SRM,1994,12321516
Serbia and Montenegro,OWID_SRM,1995,12321516
Serbia and Montenegro,OWID_SRM,1996,12321516
Serbia and Montenegro,OWID_SRM,1997,12321516
Serbia and Montenegro,OWID_SRM,1998,12321516
Serbia and Montenegro,OWID_SRM,1999,12321516
Serbia and Montenegro,OWID_SRM,2000,12321516
Serbia and Montenegro,OWID_SRM,2001,12321516
Serbia and Montenegro,OWID_SRM,2002,12321516
Serbia and Montenegro,OWID_SRM,2003,12321516
Serbia and Montenegro,OWID_SRM,2004,12321516
Serbia and Montenegro,OWID_SRM,2005,12321516
Seychelles,SYC,1980,0
Seychelles,SYC,1981,0
Seychelles,SYC,1982,0
Seychelles,SYC,1983,0
Seychelles,SYC,1984,0
Seychelles,SYC,1985,0
Seychelles,SYC,1986,0
Seychelles,SYC,1987,0
Seychelles,SYC,1988,0
Seychelles,SYC,1989,0
Seychelles,SYC,1990,0
Seychelles,SYC,1991,0
Seychelles,SYC,1992,0
Seychelles,SYC,1993,0
Seychelles,SYC,1994,0
Seychelles,SYC,1995,0
Seychelles,SYC,1996,0
Seychelles,SYC,1997,0
Seychelles,SYC,1998,0
Seychelles,SYC,1999,0
Seychelles,SYC,2000,0
Seychelles,SYC,2001,0
Seychelles,SYC,2002,0
Seychelles,SYC,2003,0
Seychelles,SYC,2004,0
Seychelles,SYC,2005,0
Seychelles,SYC,2006,0
Seychelles,SYC,2007,0
Seychelles,SYC,2008,0
Seychelles,SYC,2009,0
Seychelles,SYC,2010,0
Seychelles,SYC,2011,0
Seychelles,SYC,2012,0
Seychelles,SYC,2013,0
Seychelles,SYC,2014,0
Seychelles,SYC,2015,0
Seychelles,SYC,2016,0
Seychelles,SYC,2017,0
Seychelles,SYC,2018,0
Seychelles,SYC,2019,0
Seychelles,SYC,2020,0
Seychelles,SYC,2021,0
Sierra Leone,SLE,1980,0
Sierra Leone,SLE,1981,0
Sierra Leone,SLE,1982,0
Sierra Leone,SLE,1983,0
Sierra Leone,SLE,1984,0
Sierra Leone,SLE,1985,0
Sierra Leone,SLE,1986,0
Sierra Leone,SLE,1987,0
Sierra Leone,SLE,1988,0
Sierra Leone,SLE,1989,0
Sierra Leone,SLE,1990,0
Sierra Leone,SLE,1991,0
Sierra Leone,SLE,1992,0
Sierra Leone,SLE,1993,0
Sierra Leone,SLE,1994,0
Sierra Leone,SLE,1995,0
Sierra Leone,SLE,1996,0
Sierra Leone,SLE,1997,0
Sierra Leone,SLE,1998,0
Sierra Leone,SLE,1999,0
Sierra Leone,SLE,2000,0
Sierra Leone,SLE,2001,0
Sierra Leone,SLE,2002,0
Sierra Leone,SLE,2003,0
Sierra Leone,SLE,2004,0
Sierra Leone,SLE,2005,0
Sierra Leone,SLE,2006,0
Sierra Leone,SLE,2007,0
Sierra Leone,SLE,2008,0
Sierra Leone,SLE,2009,0
Sierra Leone,SLE,2010,0
Sierra Leone,SLE,2011,0
Sierra Leone,SLE,2012,0
Sierra Leone,SLE,2013,0
Sierra Leone,SLE,2014,0
Sierra Leone,SLE,2015,0
Sierra Leone,SLE,2016,0
Sierra Leone,SLE,2017,0
Sierra Leone,SLE,2018,0
Sierra Leone,SLE,2019,0
Sierra Leone,SLE,2020,0
Sierra Leone,SLE,2021,0
Singapore,SGP,1980,0
Singapore,SGP,1981,0
Singapore,SGP,1982,0
Singapore,SGP,1983,0
Singapore,SGP,1984,0
Singapore,SGP,1985,0
Singapore,SGP,1986,0
Singapore,SGP,1987,0
Singapore,SGP,1988,0
Singapore,SGP,1989,0
Singapore,SGP,1990,0
Singapore,SGP,1991,0
Singapore,SGP,1992,0
Singapore,SGP,1993,0
Singapore,SGP,1994,0
Singapore,SGP,1995,0
Singapore,SGP,1996,0
Singapore,SGP,1997,0
Singapore,SGP,1998,0
Singapore,SGP,1999,0
Singapore,SGP,2000,0
Singapore,SGP,2001,0
Singapore,SGP,2002,0
Singapore,SGP,2003,0
Singapore,SGP,2004,0
Singapore,SGP,2005,0
Singapore,SGP,2006,0
Singapore,SGP,2007,0
Singapore,SGP,2008,0
Singapore,SGP,2009,0
Singapore,SGP,2010,0
Singapore,SGP,2011,0
Singapore,SGP,2012,0
Singapore,SGP,2013,0
Singapore,SGP,2014,0
Singapore,SGP,2015,0
Singapore,SGP,2016,0
Singapore,SGP,2017,0
Singapore,SGP,2018,0
Singapore,SGP,2019,0
Singapore,SGP,2020,0
Singapore,SGP,2021,0
Slovakia,SVK,1996,1430885.6
Slovakia,SVK,1997,1430885.6
Slovakia,SVK,1998,1430885.6
Slovakia,SVK,1999,1430885.6
Slovakia,SVK,2000,1430885.6
Slovakia,SVK,2001,1430885.6
Slovakia,SVK,2002,1430885.6
Slovakia,SVK,2003,1430885.6
Slovakia,SVK,2004,1430885.6
Slovakia,SVK,2005,1430885.6
Slovakia,SVK,2006,1430885.6
Slovakia,SVK,2007,1430885.6
Slovakia,SVK,2008,1430885.6
Slovakia,SVK,2009,1430885.6
Slovakia,SVK,2010,1430885.6
Slovakia,SVK,2011,1430885.6
Slovakia,SVK,2012,1430885.6
Slovakia,SVK,2013,1430885.6
Slovakia,SVK,2014,1430885.6
Slovakia,SVK,2015,1430885.6
Slovakia,SVK,2016,1430885.6
Slovakia,SVK,2017,1430885.6
Slovakia,SVK,2018,1430885.6
Slovakia,SVK,2019,1430885.6
Slovakia,SVK,2020,1430885.6
Slovakia,SVK,2021,1430885.6
Slovenia,SVN,1993,0
Slovenia,SVN,1994,0
Slovenia,SVN,1995,0
Slovenia,SVN,1996,0
Slovenia,SVN,1997,0
Slovenia,SVN,1998,0
Slovenia,SVN,1999,0
Slovenia,SVN,2000,0
Slovenia,SVN,2001,0
Slovenia,SVN,2002,0
Slovenia,SVN,2003,0
Slovenia,SVN,2004,0
Slovenia,SVN,2005,0
Slovenia,SVN,2006,0
Slovenia,SVN,2007,0
Slovenia,SVN,2008,0
Slovenia,SVN,2009,0
Slovenia,SVN,2010,0
Slovenia,SVN,2011,0
Slovenia,SVN,2012,0
Slovenia,SVN,2013,0
Slovenia,SVN,2014,0
Slovenia,SVN,2015,0
Slovenia,SVN,2016,0
Slovenia,SVN,2017,0
Slovenia,SVN,2018,0
Slovenia,SVN,2019,0
Slovenia,SVN,2020,0
Slovenia,SVN,2021,0
Solomon Islands,SLB,1980,0
Solomon Islands,SLB,1981,0
Solomon Islands,SLB,1982,0
Solomon Islands,SLB,1983,0
Solomon Islands,SLB,1984,0
Solomon Islands,SLB,1985,0
Solomon Islands,SLB,1986,0
Solomon Islands,SLB,1987,0
Solomon Islands,SLB,1988,0
Solomon Islands,SLB,1989,0
Solomon Islands,SLB,1990,0
Solomon Islands,SLB,1991,0
Solomon Islands,SLB,1992,0
Solomon Islands,SLB,1993,0
Solomon Islands,SLB,1994,0
Solomon Islands,SLB,1995,0
Solomon Islands,SLB,1996,0
Solomon Islands,SLB,1997,0
Solomon Islands,SLB,1998,0
Solomon Islands,SLB,1999,0
Solomon Islands,SLB,2000,0
Solomon Islands,SLB,2001,0
Solomon Islands,SLB,2002,0
Solomon Islands,SLB,2003,0
Solomon Islands,SLB,2004,0
Solomon Islands,SLB,2005,0
Solomon Islands,SLB,2006,0
Solomon Islands,SLB,2007,0
Solomon Islands,SLB,2008,0
Solomon Islands,SLB,2009,0
Solomon Islands,SLB,2010,0
Solomon Islands,SLB,2011,0
Solomon Islands,SLB,2012,0
Solomon Islands,SLB,2013,0
Solomon Islands,SLB,2014,0
Solomon Islands,SLB,2015,0
Solomon Islands,SLB,2016,0
Solomon Islands,SLB,2017,0
Solomon Islands,SLB,2018,0
Solomon Islands,SLB,2019,0
Solomon Islands,SLB,2020,0
Solomon Islands,SLB,2021,0
Somalia,SOM,1980,0
Somalia,SOM,1981,0
Somalia,SOM,1982,0
Somalia,SOM,1983,0
Somalia,SOM,1984,0
Somalia,SOM,1985,0
Somalia,SOM,1986,0
Somalia,SOM,1987,0
Somalia,SOM,1988,0
Somalia,SOM,1989,0
Somalia,SOM,1990,0
Somalia,SOM,1991,0
Somalia,SOM,1992,0
Somalia,SOM,1993,0
Somalia,SOM,1994,0
Somalia,SOM,1995,0
Somalia,SOM,1996,0
Somalia,SOM,1997,0
Somalia,SOM,1998,0
Somalia,SOM,1999,0
Somalia,SOM,2000,0
Somalia,SOM,2001,0
Somalia,SOM,2002,0
Somalia,SOM,2003,0
Somalia,SOM,2004,0
Somalia,SOM,2005,0
Somalia,SOM,2006,0
Somalia,SOM,2007,0
Somalia,SOM,2008,0
Somalia,SOM,2009,0
Somalia,SOM,2010,0
Somalia,SOM,2011,0
Somalia,SOM,2012,0
Somalia,SOM,2013,0
Somalia,SOM,2014,0
Somalia,SOM,2015,0
Somalia,SOM,2016,0
Somalia,SOM,2017,0
Somalia,SOM,2018,0
Somalia,SOM,2019,0
Somalia,SOM,2020,0
Somalia,SOM,2021,0
South Africa,ZAF,1983,18522020
South Africa,ZAF,1984,18283540
South Africa,ZAF,1985,18204046
South Africa,ZAF,1994,6518479.5
South Africa,ZAF,1995,6423086.5
South Africa,ZAF,1996,4244961
South Africa,ZAF,1997,4244961
South Africa,ZAF,1998,4668185
South Africa,ZAF,1999,4668185
South Africa,ZAF,2000,4668185
South Africa,ZAF,2001,4668185
South Africa,ZAF,2002,2492921
South Africa,ZAF,2003,2492921
South Africa,ZAF,2004,2492921
South Africa,ZAF,2005,2492921
South Africa,ZAF,2006,2492921
South Africa,ZAF,2007,2384809.5
South Africa,ZAF,2008,2384809.5
South Africa,ZAF,2009,2384809.5
South Africa,ZAF,2010,2384809.5
South Africa,ZAF,2011,2384809.5
South Africa,ZAF,2012,2384809.5
South Africa,ZAF,2013,2384809.5
South Africa,ZAF,2014,2384809.5
South Africa,ZAF,2015,2384809.5
South Africa,ZAF,2016,2384809.5
South Africa,ZAF,2017,2384809.5
South Africa,ZAF,2018,2384809.5
South Africa,ZAF,2019,2384809.5
South Africa,ZAF,2020,2384809.5
South Africa,ZAF,2021,2384809.5
South America,OWID_SAM,1980,3895983900
South America,OWID_SAM,1981,3937956600
South America,OWID_SAM,1982,4346207000
South America,OWID_SAM,1983,4698287000
South America,OWID_SAM,1984,5246151700
South America,OWID_SAM,1985,5353913000
South America,OWID_SAM,1986,5461532000
South America,OWID_SAM,1987,5321114000
South America,OWID_SAM,1988,10350051000
South America,OWID_SAM,1989,10688495000
South America,OWID_SAM,1990,10826411000
South America,OWID_SAM,1991,10879885000
South America,OWID_SAM,1992,10778436000
South America,OWID_SAM,1993,11387812000
South America,OWID_SAM,1994,11652923000
South America,OWID_SAM,1995,12276778000
South America,OWID_SAM,1996,12375438000
South America,OWID_SAM,1997,12447703000
South America,OWID_SAM,1998,13534271000
South America,OWID_SAM,1999,13943032000
South America,OWID_SAM,2000,14009010000
South America,OWID_SAM,2001,14793880000
South America,OWID_SAM,2002,14941044000
South America,OWID_SAM,2003,15351205000
South America,OWID_SAM,2004,15354865000
South America,OWID_SAM,2005,15632649000
South America,OWID_SAM,2006,16072891000
South America,OWID_SAM,2007,16193372000
South America,OWID_SAM,2008,17315662000
South America,OWID_SAM,2009,19355476000
South America,OWID_SAM,2010,19666057000
South America,OWID_SAM,2011,37547750000
South America,OWID_SAM,2012,37818757000
South America,OWID_SAM,2013,51668530000
South America,OWID_SAM,2014,52038468000
South America,OWID_SAM,2015,52262430000
South America,OWID_SAM,2016,52504270000
South America,OWID_SAM,2017,52029510000
South America,OWID_SAM,2018,52251920000
South America,OWID_SAM,2019,52368270000
South America,OWID_SAM,2020,52516127000
South America,OWID_SAM,2021,52569326000
South Korea,KOR,1980,0
South Korea,KOR,1981,0
South Korea,KOR,1982,0
South Korea,KOR,1983,0
South Korea,KOR,1984,0
South Korea,KOR,1985,0
South Korea,KOR,1986,0
South Korea,KOR,1987,0
South Korea,KOR,1988,0
South Korea,KOR,1989,0
South Korea,KOR,1990,0
South Korea,KOR,1991,0
South Korea,KOR,1992,0
South Korea,KOR,1993,0
South Korea,KOR,1994,0
South Korea,KOR,1995,0
South Korea,KOR,1996,0
South Korea,KOR,1997,0
South Korea,KOR,1998,0
South Korea,KOR,1999,0
South Korea,KOR,2000,0
South Korea,KOR,2001,0
South Korea,KOR,2002,0
South Korea,KOR,2003,0
Spain,ESP,1980,23848096
Spain,ESP,1981,55645556
Spain,ESP,1982,19348754
Spain,ESP,1983,20890932
Spain,ESP,1984,25437968
Spain,ESP,1985,18283540
Spain,ESP,1986,14308858
Spain,ESP,1987,4483442
Spain,ESP,1988,6136910
Spain,ESP,1989,4126515.5
Spain,ESP,1990,3974682.5
Spain,ESP,1991,3179746
Spain,ESP,1992,3400579.5
Spain,ESP,1993,3580076
Spain,ESP,1994,3580076
Spain,ESP,1995,3218221
Spain,ESP,1996,3179746
Spain,ESP,1997,4769619
Spain,ESP,1998,4769619
Spain,ESP,1999,2225663.2
Spain,ESP,2000,2225663.2
Spain,ESP,2001,3340164.2
Spain,ESP,2002,3340164.2
Spain,ESP,2003,25060532
Spain,ESP,2004,25060532
Spain,ESP,2005,25060532
Spain,ESP,2006,25060532
Spain,ESP,2007,23848096
Spain,ESP,2008,23848096
Spain,ESP,2009,23848096
Spain,ESP,2010,23848096
Spain,ESP,2011,23848096
Spain,ESP,2012,23848096
Spain,ESP,2013,23848096
Spain,ESP,2014,23848096
Spain,ESP,2015,23848096
Spain,ESP,2016,23848096
Spain,ESP,2017,23848096
Spain,ESP,2018,23848096
Spain,ESP,2019,23848096
Spain,ESP,2020,23848096
Spain,ESP,2021,23848096
Sri Lanka,LKA,1980,0
Sri Lanka,LKA,1981,0
Sri Lanka,LKA,1982,0
Sri Lanka,LKA,1983,0
Sri Lanka,LKA,1984,0
Sri Lanka,LKA,1985,0
Sri Lanka,LKA,1986,0
Sri Lanka,LKA,1987,0
Sri Lanka,LKA,1988,0
Sri Lanka,LKA,1989,0
Sri Lanka,LKA,1990,0
Sri Lanka,LKA,1991,0
Sri Lanka,LKA,1992,0
Sri Lanka,LKA,1993,0
Sri Lanka,LKA,1994,0
Sri Lanka,LKA,1995,0
Sri Lanka,LKA,1996,0
Sri Lanka,LKA,1997,0
Sri Lanka,LKA,1998,0
Sri Lanka,LKA,1999,0
Sri Lanka,LKA,2000,0
Sri Lanka,LKA,2001,0
Sri Lanka,LKA,2002,0
Sri Lanka,LKA,2003,0
Sri Lanka,LKA,2004,0
Sri Lanka,LKA,2005,0
Sri Lanka,LKA,2006,0
Sri Lanka,LKA,2007,0
Sri Lanka,LKA,2008,0
Sri Lanka,LKA,2009,0
Sri Lanka,LKA,2010,0
Sri Lanka,LKA,2011,0
Sri Lanka,LKA,2012,0
Sri Lanka,LKA,2013,0
Sri Lanka,LKA,2014,0
Sri Lanka,LKA,2015,0
Sri Lanka,LKA,2016,0
Sri Lanka,LKA,2017,0
Sri Lanka,LKA,2018,0
Sri Lanka,LKA,2019,0
Sri Lanka,LKA,2020,0
Sri Lanka,LKA,2021,0
Sudan,SDN,1982,31797460
Sudan,SDN,1983,63594920
Sudan,SDN,1984,47696190
Sudan,SDN,1985,47696190
Sudan,SDN,1986,47696190
Sudan,SDN,1987,47696190
Sudan,SDN,1988,47696190
Sudan,SDN,1989,47696190
Sudan,SDN,1990,47696190
Sudan,SDN,1991,47696190
Sudan,SDN,1992,47696190
Sudan,SDN,1993,47696190
Sudan,SDN,1994,47696190
Sudan,SDN,1995,47696190
Sudan,SDN,1996,47696190
Sudan,SDN,1997,47696190
Sudan,SDN,1998,41670572
Sudan,SDN,1999,41670572
Sudan,SDN,2000,41670572
Sudan,SDN,2001,41670572
Sudan,SDN,2002,89509860
Sudan,SDN,2003,89509860
Sudan,SDN,2004,89509860
Sudan,SDN,2005,89509860
Sudan,SDN,2006,89509860
Sudan,SDN,2007,794936500
Sudan,SDN,2008,794936500
Sudan,SDN,2009,794936500
Sudan,SDN,2010,794936500
Sudan,SDN,2011,794936500
Sudan,SDN,2012,794936500
Sudan,SDN,2013,794936500
Sudan,SDN,2014,794936500
Sudan,SDN,2015,794936500
Sudan,SDN,2016,794936500
Sudan,SDN,2017,794936500
Sudan,SDN,2018,794936500
Sudan,SDN,2019,794936500
Sudan,SDN,2020,794936500
Sudan,SDN,2021,794936500
Suriname,SUR,1986,158987.31
Suriname,SUR,1987,158987.31
Suriname,SUR,1988,4292657
Suriname,SUR,1989,4562935.5
Suriname,SUR,1990,4483442
Suriname,SUR,1991,4340353.5
Suriname,SUR,1992,5977922.5
Suriname,SUR,1993,7822175
Suriname,SUR,1994,8935086
Suriname,SUR,1995,13021060
Suriname,SUR,1996,11765060
Suriname,SUR,1997,11765060
Suriname,SUR,1998,11765060
Suriname,SUR,1999,11765060
Suriname,SUR,2000,11765060
Suriname,SUR,2001,11765060
Suriname,SUR,2002,11765060
Suriname,SUR,2003,27027842
Suriname,SUR,2004,17647590
Suriname,SUR,2005,17647590
Suriname,SUR,2006,17647590
Suriname,SUR,2007,17647590
Suriname,SUR,2008,13990882
Suriname,SUR,2009,12655389
Suriname,SUR,2010,12655389
Suriname,SUR,2011,12544098
Suriname,SUR,2012,11447085
Suriname,SUR,2013,12210225
Suriname,SUR,2014,14706325
Suriname,SUR,2015,14706325
Suriname,SUR,2016,15895550
Suriname,SUR,2017,13351754
Suriname,SUR,2018,13386731
Suriname,SUR,2019,13418528
Suriname,SUR,2020,11828655
Suriname,SUR,2021,14149870
Sweden,SWE,1980,0
Sweden,SWE,1981,0
Sweden,SWE,1982,0
Sweden,SWE,1983,0
Sweden,SWE,1984,0
Sweden,SWE,1985,0
Sweden,SWE,1986,0
Sweden,SWE,1987,0
Sweden,SWE,1988,0
Sweden,SWE,1989,0
Sweden,SWE,1990,0
Sweden,SWE,1991,0
Sweden,SWE,1992,0
Sweden,SWE,1993,0
Sweden,SWE,1994,0
Sweden,SWE,1995,0
Sweden,SWE,1996,0
Sweden,SWE,1997,0
Sweden,SWE,1998,0
Sweden,SWE,1999,0
Sweden,SWE,2000,0
Sweden,SWE,2001,0
Sweden,SWE,2002,0
Sweden,SWE,2003,0
Sweden,SWE,2004,0
Sweden,SWE,2005,0
Sweden,SWE,2006,0
Sweden,SWE,2007,0
Sweden,SWE,2008,0
Sweden,SWE,2009,0
Sweden,SWE,2010,0
Sweden,SWE,2011,0
Sweden,SWE,2012,0
Sweden,SWE,2013,0
Sweden,SWE,2014,0
Sweden,SWE,2015,0
Sweden,SWE,2016,0
Sweden,SWE,2017,0
Sweden,SWE,2018,0
Sweden,SWE,2019,0
Sweden,SWE,2020,0
Sweden,SWE,2021,0
Switzerland,CHE,1980,0
Switzerland,CHE,1981,0
Switzerland,CHE,1982,0
Switzerland,CHE,1983,0
Switzerland,CHE,1984,0
Switzerland,CHE,1985,0
Switzerland,CHE,1986,0
Switzerland,CHE,1987,0
Switzerland,CHE,1988,0
Switzerland,CHE,1989,0
Switzerland,CHE,1990,0
Switzerland,CHE,1991,0
Switzerland,CHE,1992,0
Switzerland,CHE,1993,0
Switzerland,CHE,1994,0
Switzerland,CHE,1995,0
Switzerland,CHE,1996,0
Switzerland,CHE,1997,0
Switzerland,CHE,1998,0
Switzerland,CHE,1999,0
Switzerland,CHE,2000,0
Switzerland,CHE,2001,0
Switzerland,CHE,2002,0
Switzerland,CHE,2003,0
Switzerland,CHE,2004,0
Switzerland,CHE,2005,0
Switzerland,CHE,2006,0
Switzerland,CHE,2007,0
Switzerland,CHE,2008,0
Switzerland,CHE,2009,0
Switzerland,CHE,2010,0
Switzerland,CHE,2011,0
Switzerland,CHE,2012,0
Switzerland,CHE,2013,0
Switzerland,CHE,2014,0
Switzerland,CHE,2015,0
Switzerland,CHE,2016,0
Switzerland,CHE,2017,0
Switzerland,CHE,2018,0
Switzerland,CHE,2019,0
Switzerland,CHE,2020,0
Switzerland,CHE,2021,0
Syria,SYR,1980,317974600
Syria,SYR,1981,308435360
Syria,SYR,1982,300485980
Syria,SYR,1983,241819680
Syria,SYR,1984,236891070
Syria,SYR,1985,230531600
Syria,SYR,1986,228941730
Syria,SYR,1987,222582220
Syria,SYR,1988,278227780
Syria,SYR,1989,275048030
Syria,SYR,1990,275048030
Syria,SYR,1991,270278430
Syria,SYR,1992,270278430
Syria,SYR,1993,270278430
Syria,SYR,1994,270278430
Syria,SYR,1995,397468260
Syria,SYR,1996,397468260
Syria,SYR,1997,397468260
Syria,SYR,1998,397468260
Syria,SYR,1999,397468260
Syria,SYR,2000,397468260
Syria,SYR,2001,397468260
Syria,SYR,2002,397468260
Syria,SYR,2003,397468260
Syria,SYR,2004,397468260
Syria,SYR,2005,397468260
Syria,SYR,2006,397468260
Syria,SYR,2007,397468260
Syria,SYR,2008,397468260
Syria,SYR,2009,397468260
Syria,SYR,2010,397468260
Syria,SYR,2011,397468260
Syria,SYR,2012,397468260
Syria,SYR,2013,397468260
Syria,SYR,2014,397468260
Syria,SYR,2015,397468260
Syria,SYR,2016,397468260
Syria,SYR,2017,397468260
Syria,SYR,2018,397468260
Syria,SYR,2019,397468260
Syria,SYR,2020,397468260
Syria,SYR,2021,397468260
Taiwan,TWN,1980,1621670.5
Taiwan,TWN,1981,1430885.6
Taiwan,TWN,1982,1271898.5
Taiwan,TWN,1983,1065214.9
Taiwan,TWN,1984,985721.3
Taiwan,TWN,1985,906227.6
Taiwan,TWN,1986,874430.1
Taiwan,TWN,1987,858531.44
Taiwan,TWN,1988,858531.44
Taiwan,TWN,1989,794936.5
Taiwan,TWN,1990,731341.6
Taiwan,TWN,1991,715442.8
Taiwan,TWN,1992,635949.25
Taiwan,TWN,1993,635949.25
Taiwan,TWN,1994,635949.25
Taiwan,TWN,1995,635949.25
Taiwan,TWN,1996,635949.25
Taiwan,TWN,1997,635949.25
Taiwan,TWN,1998,635949.25
Taiwan,TWN,1999,635949.25
Taiwan,TWN,2000,635949.25
Taiwan,TWN,2001,635949.25
Taiwan,TWN,2002,635949.25
Taiwan,TWN,2003,635949.25
Taiwan,TWN,2004,635949.25
Taiwan,TWN,2005,635949.25
Taiwan,TWN,2006,378389.78
Taiwan,TWN,2007,378389.78
Taiwan,TWN,2008,378389.78
Taiwan,TWN,2009,378389.78
Taiwan,TWN,2010,378389.78
Taiwan,TWN,2011,378389.78
Taiwan,TWN,2012,378389.78
Taiwan,TWN,2013,378389.78
Taiwan,TWN,2014,378389.78
Taiwan,TWN,2015,378389.78
Taiwan,TWN,2016,378389.78
Taiwan,TWN,2017,378389.78
Taiwan,TWN,2018,378389.78
Taiwan,TWN,2019,378389.78
Taiwan,TWN,2020,378389.78
Taiwan,TWN,2021,378389.78
Tajikistan,TJK,1997,1907847.6
Tajikistan,TJK,1998,1907847.6
Tajikistan,TJK,1999,1907847.6
Tajikistan,TJK,2000,1907847.6
Tajikistan,TJK,2001,1907847.6
Tajikistan,TJK,2002,1907847.6
Tajikistan,TJK,2003,1907847.6
Tajikistan,TJK,2004,1907847.6
Tajikistan,TJK,2005,1907847.6
Tajikistan,TJK,2006,1907847.6
Tajikistan,TJK,2007,1907847.6
Tajikistan,TJK,2008,1907847.6
Tajikistan,TJK,2009,1907847.6
Tajikistan,TJK,2010,1907847.6
Tajikistan,TJK,2011,1907847.6
Tajikistan,TJK,2012,1907847.6
Tajikistan,TJK,2013,1907847.6
Tajikistan,TJK,2014,1907847.6
Tajikistan,TJK,2015,1907847.6
Tajikistan,TJK,2016,1907847.6
Tajikistan,TJK,2017,1907847.6
Tajikistan,TJK,2018,1907847.6
Tajikistan,TJK,2019,1907847.6
Tajikistan,TJK,2020,1907847.6
Tajikistan,TJK,2021,1907847.6
Tanzania,TZA,1980,0
Tanzania,TZA,1981,0
Tanzania,TZA,1982,0
Tanzania,TZA,1983,0
Tanzania,TZA,1984,0
Tanzania,TZA,1985,0
Tanzania,TZA,1986,0
Tanzania,TZA,1987,0
Tanzania,TZA,1988,0
Tanzania,TZA,1989,0
Tanzania,TZA,1990,0
Tanzania,TZA,1991,0
Tanzania,TZA,1992,0
Tanzania,TZA,1993,0
Tanzania,TZA,1994,0
Tanzania,TZA,1995,0
Tanzania,TZA,1996,0
Tanzania,TZA,1997,0
Tanzania,TZA,1998,0
Tanzania,TZA,1999,0
Tanzania,TZA,2000,0
Tanzania,TZA,2001,0
Tanzania,TZA,2002,0
Tanzania,TZA,2003,0
Tanzania,TZA,2004,0
Tanzania,TZA,2005,0
Tanzania,TZA,2006,0
Tanzania,TZA,2007,0
Tanzania,TZA,2008,0
Tanzania,TZA,2009,0
Tanzania,TZA,2010,0
Tanzania,TZA,2011,0
Tanzania,TZA,2012,0
Tanzania,TZA,2013,0
Tanzania,TZA,2014,0
Tanzania,TZA,2015,0
Tanzania,TZA,2016,0
Tanzania,TZA,2017,0
Tanzania,TZA,2018,0
Tanzania,TZA,2019,0
Tanzania,TZA,2020,0
Tanzania,TZA,2021,0
Thailand,THA,1980,0
Thailand,THA,1981,0
Thailand,THA,1982,0
Thailand,THA,1983,16375692
Thailand,THA,1984,7154429
Thailand,THA,1985,24802020
Thailand,THA,1986,17011642
Thailand,THA,1987,16089515
Thailand,THA,1988,15739743
Thailand,THA,1989,13545717
Thailand,THA,1990,36673600
Thailand,THA,1991,23848096
Thailand,THA,1992,41654670
Thailand,THA,1993,38459028
Thailand,THA,1994,28389566
Thailand,THA,1995,34677356
Thailand,THA,1996,36686160
Thailand,THA,1997,46942590
Thailand,THA,1998,46942590
Thailand,THA,1999,47099984
Thailand,THA,2000,47099984
Thailand,THA,2001,55905500
Thailand,THA,2002,81988170
Thailand,THA,2003,92745240
Thailand,THA,2004,92745240
Thailand,THA,2005,92745240
Thailand,THA,2006,46265304
Thailand,THA,2007,46106316
Thailand,THA,2008,73134160
Thailand,THA,2009,70113400
Thailand,THA,2010,68364540
Thailand,THA,2011,69159470
Thailand,THA,2012,70272380
Thailand,THA,2013,72064170
Thailand,THA,2014,71350320
Thailand,THA,2015,73285190
Thailand,THA,2016,64372370
Thailand,THA,2017,63016210
Thailand,THA,2018,55548572
Thailand,THA,2019,51273404
Thailand,THA,2020,46519684
Thailand,THA,2021,40184040
Togo,TGO,1980,0
Togo,TGO,1981,0
Togo,TGO,1982,0
Togo,TGO,1983,0
Togo,TGO,1984,0
Togo,TGO,1985,0
Togo,TGO,1986,0
Togo,TGO,1987,0
Togo,TGO,1988,0
Togo,TGO,1989,0
Togo,TGO,1990,0
Togo,TGO,1991,0
Togo,TGO,1992,0
Togo,TGO,1993,0
Togo,TGO,1994,0
Togo,TGO,1995,0
Togo,TGO,1996,0
Togo,TGO,1997,0
Togo,TGO,1998,0
Togo,TGO,1999,0
Togo,TGO,2000,0
Togo,TGO,2001,0
Togo,TGO,2002,0
Togo,TGO,2003,0
Togo,TGO,2004,0
Togo,TGO,2005,0
Togo,TGO,2006,0
Togo,TGO,2007,0
Togo,TGO,2008,0
Togo,TGO,2009,0
Togo,TGO,2010,0
Togo,TGO,2011,0
Togo,TGO,2012,0
Togo,TGO,2013,0
Togo,TGO,2014,0
Togo,TGO,2015,0
Togo,TGO,2016,0
Togo,TGO,2017,0
Togo,TGO,2018,0
Togo,TGO,2019,0
Togo,TGO,2020,0
Togo,TGO,2021,0
Tonga,TON,1980,0
Tonga,TON,1981,0
Tonga,TON,1982,0
Tonga,TON,1983,0
Tonga,TON,1984,0
Tonga,TON,1985,0
Tonga,TON,1986,0
Tonga,TON,1987,0
Tonga,TON,1988,0
Tonga,TON,1989,0
Tonga,TON,1990,0
Tonga,TON,1991,0
Tonga,TON,1992,0
Tonga,TON,1993,0
Tonga,TON,1994,0
Tonga,TON,1995,0
Tonga,TON,1996,0
Tonga,TON,1997,0
Tonga,TON,1998,0
Tonga,TON,1999,0
Tonga,TON,2000,0
Tonga,TON,2001,0
Tonga,TON,2002,0
Tonga,TON,2003,0
Tonga,TON,2004,0
Tonga,TON,2005,0
Tonga,TON,2006,0
Tonga,TON,2007,0
Tonga,TON,2008,0
Tonga,TON,2009,0
Tonga,TON,2010,0
Tonga,TON,2011,0
Tonga,TON,2012,0
Tonga,TON,2013,0
Tonga,TON,2014,0
Tonga,TON,2015,0
Tonga,TON,2016,0
Tonga,TON,2017,0
Tonga,TON,2018,0
Tonga,TON,2019,0
Tonga,TON,2020,0
Tonga,TON,2021,0
Trinidad and Tobago,TTO,1980,111291110
Trinidad and Tobago,TTO,1981,111291110
Trinidad and Tobago,TTO,1982,95392380
Trinidad and Tobago,TTO,1983,92212630
Trinidad and Tobago,TTO,1984,100162000
Trinidad and Tobago,TTO,1985,85853144
Trinidad and Tobago,TTO,1986,85853144
Trinidad and Tobago,TTO,1987,96982260
Trinidad and Tobago,TTO,1988,90145790
Trinidad and Tobago,TTO,1989,83945300
Trinidad and Tobago,TTO,1990,82832380
Trinidad and Tobago,TTO,1991,85217190
Trinidad and Tobago,TTO,1992,85058210
Trinidad and Tobago,TTO,1993,91036130
Trinidad and Tobago,TTO,1994,74088080
Trinidad and Tobago,TTO,1995,77601700
Trinidad and Tobago,TTO,1996,77903780
Trinidad and Tobago,TTO,1997,87602000
Trinidad and Tobago,TTO,1998,92880380
Trinidad and Tobago,TTO,1999,84899220
Trinidad and Tobago,TTO,2000,96187320
Trinidad and Tobago,TTO,2001,109065290
Trinidad and Tobago,TTO,2002,113834910
Trinidad and Tobago,TTO,2003,113834910
Trinidad and Tobago,TTO,2004,157397420
Trinidad and Tobago,TTO,2005,157397420
Trinidad and Tobago,TTO,2006,157397420
Trinidad and Tobago,TTO,2007,115790450
Trinidad and Tobago,TTO,2008,115790450
Trinidad and Tobago,TTO,2009,115790450
Trinidad and Tobago,TTO,2010,115790450
Trinidad and Tobago,TTO,2011,115790450
Trinidad and Tobago,TTO,2012,115790450
Trinidad and Tobago,TTO,2013,115790450
Trinidad and Tobago,TTO,2014,115790450
Trinidad and Tobago,TTO,2015,115790450
Trinidad and Tobago,TTO,2016,115790450
Trinidad and Tobago,TTO,2017,38631052
Trinidad and Tobago,TTO,2018,38631052
Trinidad and Tobago,TTO,2019,38631052
Trinidad and Tobago,TTO,2020,38631052
Trinidad and Tobago,TTO,2021,38631052
Tunisia,TUN,1980,357721440
Tunisia,TUN,1981,262647000
Tunisia,TUN,1982,268688540
Tunisia,TUN,1983,295716380
Tunisia,TUN,1984,289356900
Tunisia,TUN,1985,240706780
Tunisia,TUN,1986,286177120
Tunisia,TUN,1987,286177120
Tunisia,TUN,1988,286177120
Tunisia,TUN,1989,284587260
Tunisia,TUN,1990,278227780
Tunisia,TUN,1991,270278430
Tunisia,TUN,1992,270278430
Tunisia,TUN,1993,270278430
Tunisia,TUN,1994,270278430
Tunisia,TUN,1995,66138720
Tunisia,TUN,1996,66138720
Tunisia,TUN,1997,48898132
Tunisia,TUN,1998,48898132
Tunisia,TUN,1999,48898132
Tunisia,TUN,2000,48898132
Tunisia,TUN,2001,48898132
Tunisia,TUN,2002,48898132
Tunisia,TUN,2003,48898132
Tunisia,TUN,2004,48898132
Tunisia,TUN,2005,48898132
Tunisia,TUN,2006,48898132
Tunisia,TUN,2007,63594920
Tunisia,TUN,2008,63594920
Tunisia,TUN,2009,67569610
Tunisia,TUN,2010,67569610
Tunisia,TUN,2011,67569610
Tunisia,TUN,2012,67569610
Tunisia,TUN,2013,67569610
Tunisia,TUN,2014,67569610
Tunisia,TUN,2015,67569610
Tunisia,TUN,2016,67569610
Tunisia,TUN,2017,67569610
Tunisia,TUN,2018,67569610
Tunisia,TUN,2019,67569610
Tunisia,TUN,2020,67569610
Tunisia,TUN,2021,67569610
Turkey,TUR,1980,19873412
Turkey,TUR,1981,17488602
Turkey,TUR,1982,44516444
Turkey,TUR,1983,44516444
Turkey,TUR,1984,58825300
Turkey,TUR,1985,46742268
Turkey,TUR,1986,47696190
Turkey,TUR,1987,63594920
Turkey,TUR,1988,60415172
Turkey,TUR,1989,60574164
Turkey,TUR,1990,82808536
Turkey,TUR,1991,103341740
Turkey,TUR,1992,85924680
Turkey,TUR,1993,75480970
Turkey,TUR,1994,77533336
Turkey,TUR,1995,77533336
Turkey,TUR,1996,77533336
Turkey,TUR,1997,41344012
Turkey,TUR,1998,52630520
Turkey,TUR,1999,50430772
Turkey,TUR,2000,47481556
Turkey,TUR,2001,47022084
Turkey,TUR,2002,47022084
Turkey,TUR,2003,47696190
Turkey,TUR,2004,47696190
Turkey,TUR,2005,47696190
Turkey,TUR,2006,47696190
Turkey,TUR,2007,47696190
Turkey,TUR,2008,47696190
Turkey,TUR,2009,47696190
Turkey,TUR,2010,41686468
Turkey,TUR,2011,42995412
Turkey,TUR,2012,42995412
Turkey,TUR,2013,42995412
Turkey,TUR,2014,46873588
Turkey,TUR,2015,47060240
Turkey,TUR,2016,49604040
Turkey,TUR,2017,53181256
Turkey,TUR,2018,54310060
Turkey,TUR,2019,51511884
Turkey,TUR,2020,58189350
Turkey,TUR,2021,58189350
Turkmenistan,TKM,1997,86807064
Turkmenistan,TKM,1998,86807064
Turkmenistan,TKM,1999,86807064
Turkmenistan,TKM,2000,86807064
Turkmenistan,TKM,2001,86807064
Turkmenistan,TKM,2002,86807064
Turkmenistan,TKM,2003,86807064
Turkmenistan,TKM,2004,86807064
Turkmenistan,TKM,2005,86807064
Turkmenistan,TKM,2006,86807064
Turkmenistan,TKM,2007,95392380
Turkmenistan,TKM,2008,95392380
Turkmenistan,TKM,2009,95392380
Turkmenistan,TKM,2010,95392380
Turkmenistan,TKM,2011,95392380
Turkmenistan,TKM,2012,95392380
Turkmenistan,TKM,2013,95392380
Turkmenistan,TKM,2014,95392380
Turkmenistan,TKM,2015,95392380
Turkmenistan,TKM,2016,95392380
Turkmenistan,TKM,2017,95392380
Turkmenistan,TKM,2018,95392380
Turkmenistan,TKM,2019,95392380
Turkmenistan,TKM,2020,95392380
Turkmenistan,TKM,2021,95392380
Turks and Caicos Islands,TCA,1980,0
Turks and Caicos Islands,TCA,1981,0
Turks and Caicos Islands,TCA,1982,0
Turks and Caicos Islands,TCA,1983,0
Turks and Caicos Islands,TCA,1984,0
Turks and Caicos Islands,TCA,1985,0
Turks and Caicos Islands,TCA,1986,0
Turks and Caicos Islands,TCA,1987,0
Turks and Caicos Islands,TCA,1988,0
Turks and Caicos Islands,TCA,1989,0
Turks and Caicos Islands,TCA,1990,0
Turks and Caicos Islands,TCA,1991,0
Turks and Caicos Islands,TCA,1992,0
Turks and Caicos Islands,TCA,1993,0
Turks and Caicos Islands,TCA,1994,0
Turks and Caicos Islands,TCA,1995,0
Turks and Caicos Islands,TCA,1996,0
Turks and Caicos Islands,TCA,1997,0
Turks and Caicos Islands,TCA,1998,0
Turks and Caicos Islands,TCA,1999,0
Turks and Caicos Islands,TCA,2000,0
Turks and Caicos Islands,TCA,2001,0
Turks and Caicos Islands,TCA,2002,0
Turks and Caicos Islands,TCA,2003,0
Turks and Caicos Islands,TCA,2004,0
Turks and Caicos Islands,TCA,2005,0
Turks and Caicos Islands,TCA,2006,0
Turks and Caicos Islands,TCA,2007,0
Turks and Caicos Islands,TCA,2008,0
Turks and Caicos Islands,TCA,2009,0
Turks and Caicos Islands,TCA,2010,0
Turks and Caicos Islands,TCA,2011,0
Turks and Caicos Islands,TCA,2012,0
Turks and Caicos Islands,TCA,2013,0
Turks and Caicos Islands,TCA,2014,0
Turks and Caicos Islands,TCA,2015,0
Turks and Caicos Islands,TCA,2016,0
Turks and Caicos Islands,TCA,2017,0
Turks and Caicos Islands,TCA,2018,0
Turks and Caicos Islands,TCA,2019,0
Turks and Caicos Islands,TCA,2020,0
Turks and Caicos Islands,TCA,2021,0
USSR,OWID_USS,1980,10652149000
USSR,OWID_USS,1981,10016200000
USSR,OWID_USS,1982,10016200000
USSR,OWID_USS,1983,10016200000
USSR,OWID_USS,1984,10016200000
USSR,OWID_USS,1985,10016200000
USSR,OWID_USS,1986,9698225000
USSR,OWID_USS,1987,9380251000
USSR,OWID_USS,1988,9380251000
USSR,OWID_USS,1989,9300758000
USSR,OWID_USS,1990,9284859000
USSR,OWID_USS,1991,9062276000
Uganda,UGA,1980,0
Uganda,UGA,1981,0
Uganda,UGA,1982,0
Uganda,UGA,1983,0
Uganda,UGA,1984,0
Uganda,UGA,1985,0
Uganda,UGA,1986,0
Uganda,UGA,1987,0
Uganda,UGA,1988,0
Uganda,UGA,1989,0
Uganda,UGA,1990,0
Uganda,UGA,1991,0
Uganda,UGA,1992,0
Uganda,UGA,1993,0
Uganda,UGA,1994,0
Uganda,UGA,1995,0
Uganda,UGA,1996,0
Uganda,UGA,1997,0
Uganda,UGA,1998,0
Uganda,UGA,1999,0
Uganda,UGA,2000,0
Uganda,UGA,2001,0
Uganda,UGA,2002,0
Uganda,UGA,2003,0
Uganda,UGA,2004,0
Uganda,UGA,2005,0
Uganda,UGA,2006,0
Uganda,UGA,2007,0
Uganda,UGA,2008,0
Uganda,UGA,2009,0
Uganda,UGA,2010,0
Uganda,UGA,2011,158987300
Uganda,UGA,2012,158987300
Uganda,UGA,2013,397468260
Uganda,UGA,2014,397468260
Uganda,UGA,2015,397468260
Uganda,UGA,2016,397468260
Uganda,UGA,2017,397468260
Uganda,UGA,2018,397468260
Uganda,UGA,2019,397468260
Uganda,UGA,2020,397468260
Uganda,UGA,2021,397468260
Ukraine,UKR,1997,62799984
Ukraine,UKR,1998,62799984
Ukraine,UKR,1999,62799984
Ukraine,UKR,2000,62799984
Ukraine,UKR,2001,62799984
Ukraine,UKR,2002,62799984
Ukraine,UKR,2003,62799984
Ukraine,UKR,2004,62799984
Ukraine,UKR,2005,62799984
Ukraine,UKR,2006,62799984
Ukraine,UKR,2007,62799984
Ukraine,UKR,2008,62799984
Ukraine,UKR,2009,62799984
Ukraine,UKR,2010,62799984
Ukraine,UKR,2011,62799984
Ukraine,UKR,2012,62799984
Ukraine,UKR,2013,62799984
Ukraine,UKR,2014,62799984
Ukraine,UKR,2015,62799984
Ukraine,UKR,2016,62799984
Ukraine,UKR,2017,62799984
Ukraine,UKR,2018,62799984
Ukraine,UKR,2019,62799984
Ukraine,UKR,2020,62799984
Ukraine,UKR,2021,62799984
United Arab Emirates,ARE,1980,4676023300
United Arab Emirates,ARE,1981,4834803700
United Arab Emirates,ARE,1982,5115575300
United Arab Emirates,ARE,1983,5143875000
United Arab Emirates,ARE,1984,5141649400
United Arab Emirates,ARE,1985,5165498000
United Arab Emirates,ARE,1986,5244991500
United Arab Emirates,ARE,1987,5254530000
United Arab Emirates,ARE,1988,15597449000
United Arab Emirates,ARE,1989,15597449000
United Arab Emirates,ARE,1990,15597449000
United Arab Emirates,ARE,1991,15596654000
United Arab Emirates,ARE,1992,15596654000
United Arab Emirates,ARE,1993,15596654000
United Arab Emirates,ARE,1994,15596654000
United Arab Emirates,ARE,1995,15596654000
United Arab Emirates,ARE,1996,15596654000
United Arab Emirates,ARE,1997,15548959000
United Arab Emirates,ARE,1998,15548959000
United Arab Emirates,ARE,1999,15548959000
United Arab Emirates,ARE,2000,15548959000
United Arab Emirates,ARE,2001,15548959000
United Arab Emirates,ARE,2002,15548959000
United Arab Emirates,ARE,2003,15548959000
United Arab Emirates,ARE,2004,15548959000
United Arab Emirates,ARE,2005,15548959000
United Arab Emirates,ARE,2006,15548959000
United Arab Emirates,ARE,2007,15548959000
United Arab Emirates,ARE,2008,15548959000
United Arab Emirates,ARE,2009,15548959000
United Arab Emirates,ARE,2010,15548959000
United Arab Emirates,ARE,2011,15548959000
United Arab Emirates,ARE,2012,15548959000
United Arab Emirates,ARE,2013,15548959000
United Arab Emirates,ARE,2014,15548959000
United Arab Emirates,ARE,2015,15548959000
United Arab Emirates,ARE,2016,15548959000
United Arab Emirates,ARE,2017,15548959000
United Arab Emirates,ARE,2018,15548959000
United Arab Emirates,ARE,2019,15548959000
United Arab Emirates,ARE,2020,15548959000
United Arab Emirates,ARE,2021,15548959000
United Kingdom,GBR,1980,2448404500
United Kingdom,GBR,1981,2353012000
United Kingdom,GBR,1982,2353012000
United Kingdom,GBR,1983,2209923300
United Kingdom,GBR,1984,2090682900
United Kingdom,GBR,1985,2160637400
United Kingdom,GBR,1986,2066835000
United Kingdom,GBR,1987,1430885800
United Kingdom,GBR,1988,826733950
United Kingdom,GBR,1989,822759300
United Kingdom,GBR,1990,676589500
United Kingdom,GBR,1991,608126400
United Kingdom,GBR,1992,635044540
United Kingdom,GBR,1993,658784600
United Kingdom,GBR,1994,724069440
United Kingdom,GBR,1995,718134500
United Kingdom,GBR,1996,682524540
United Kingdom,GBR,1997,718134500
United Kingdom,GBR,1998,795380900
United Kingdom,GBR,1999,825282370
United Kingdom,GBR,2000,819302100
United Kingdom,GBR,2001,795380900
United Kingdom,GBR,2002,783807360
United Kingdom,GBR,2003,749625150
United Kingdom,GBR,2004,741675800
United Kingdom,GBR,2005,713376000
United Kingdom,GBR,2006,640636160
United Kingdom,GBR,2007,616075800
United Kingdom,GBR,2008,572354240
United Kingdom,GBR,2009,542146700
United Kingdom,GBR,2010,490393150
United Kingdom,GBR,2011,454334850
United Kingdom,GBR,2012,449527040
United Kingdom,GBR,2013,496402850
United Kingdom,GBR,2014,473636030
United Kingdom,GBR,2015,474122700
United Kingdom,GBR,2016,437959900
United Kingdom,GBR,2017,407651870
United Kingdom,GBR,2018,397468260
United Kingdom,GBR,2019,397468260
United Kingdom,GBR,2020,429265730
United Kingdom,GBR,2021,397468260
United States,USA,1980,4963742700
United States,USA,1981,4981867000
United States,USA,1982,4929560000
United States,USA,1983,4683607000
United States,USA,1984,4665959400
United States,USA,1985,4764531700
United States,USA,1986,4748792000
United States,USA,1987,4503315500
United States,USA,1988,4556258300
United States,USA,1989,4485668000
United States,USA,1990,4434155500
United States,USA,1991,4381054000
United States,USA,1992,4121905000
United States,USA,1993,3970072000
United States,USA,1994,3839384300
United States,USA,1995,3752736300
United States,USA,1996,3743833000
United States,USA,1997,3708219600
United States,USA,1998,3797729500
United States,USA,1999,3556546000
United States,USA,2000,3683417600
United States,USA,2001,3738904300
United States,USA,2002,3790893000
United States,USA,2003,3819352000
United States,USA,2004,3673560600
United States,USA,2005,3591841000
United States,USA,2006,3659728600
United States,USA,2007,3547165700
United States,USA,2008,3626818300
United States,USA,2009,3267825200
United States,USA,2010,3547801600
United States,USA,2011,4003459000
United States,USA,2012,4602682400
United States,USA,2013,5310653000
United States,USA,2014,5806216000
United States,USA,2015,6348839400
United States,USA,2016,5601122300
United States,USA,2017,5598420000
United States,USA,2018,6675877000
United States,USA,2019,7480829400
United States,USA,2020,7489414700
United States Virgin Islands,VIR,1980,0
United States Virgin Islands,VIR,1981,0
United States Virgin Islands,VIR,1982,0
United States Virgin Islands,VIR,1983,0
United States Virgin Islands,VIR,1984,0
United States Virgin Islands,VIR,1985,0
United States Virgin Islands,VIR,1986,0
United States Virgin Islands,VIR,1987,0
United States Virgin Islands,VIR,1988,0
United States Virgin Islands,VIR,1989,0
United States Virgin Islands,VIR,1990,0
United States Virgin Islands,VIR,1991,0
United States Virgin Islands,VIR,1992,0
United States Virgin Islands,VIR,1993,0
United States Virgin Islands,VIR,1994,0
United States Virgin Islands,VIR,1995,0
United States Virgin Islands,VIR,1996,0
United States Virgin Islands,VIR,1997,0
United States Virgin Islands,VIR,1998,0
United States Virgin Islands,VIR,1999,0
United States Virgin Islands,VIR,2000,0
United States Virgin Islands,VIR,2001,0
United States Virgin Islands,VIR,2002,0
United States Virgin Islands,VIR,2003,0
United States Virgin Islands,VIR,2004,0
United States Virgin Islands,VIR,2005,0
United States Virgin Islands,VIR,2006,0
United States Virgin Islands,VIR,2007,0
United States Virgin Islands,VIR,2008,0
United States Virgin Islands,VIR,2009,0
United States Virgin Islands,VIR,2010,0
United States Virgin Islands,VIR,2011,0
United States Virgin Islands,VIR,2012,0
United States Virgin Islands,VIR,2013,0
United States Virgin Islands,VIR,2014,0
United States Virgin Islands,VIR,2015,0
United States Virgin Islands,VIR,2016,0
United States Virgin Islands,VIR,2017,0
United States Virgin Islands,VIR,2018,0
United States Virgin Islands,VIR,2019,0
United States Virgin Islands,VIR,2020,0
United States Virgin Islands,VIR,2021,0
Upper-middle-income countries,OWID_UMC,1993,50999288000
Upper-middle-income countries,OWID_UMC,1994,51211895000
Upper-middle-income countries,OWID_UMC,1995,51193630000
Upper-middle-income countries,OWID_UMC,1996,51930290000
Upper-middle-income countries,OWID_UMC,1997,55556650000
Upper-middle-income countries,OWID_UMC,1998,54473118000
Upper-middle-income countries,OWID_UMC,1999,55509530000
Upper-middle-income countries,OWID_UMC,2000,52494344000
Upper-middle-income countries,OWID_UMC,2001,52545786000
Upper-middle-income countries,OWID_UMC,2002,52285985000
Upper-middle-income countries,OWID_UMC,2003,50989703000
Upper-middle-income countries,OWID_UMC,2004,58937340000
Upper-middle-income countries,OWID_UMC,2005,59689860000
Upper-middle-income countries,OWID_UMC,2006,60371923000
Upper-middle-income countries,OWID_UMC,2007,64400850000
Upper-middle-income countries,OWID_UMC,2008,64815804000
Upper-middle-income countries,OWID_UMC,2009,64638730000
Upper-middle-income countries,OWID_UMC,2010,65948390000
Upper-middle-income countries,OWID_UMC,2011,66305905000
Upper-middle-income countries,OWID_UMC,2012,74023350000
Upper-middle-income countries,OWID_UMC,2013,75085890000
Upper-middle-income countries,OWID_UMC,2014,75798460000
Upper-middle-income countries,OWID_UMC,2015,76581724000
Upper-middle-income countries,OWID_UMC,2016,76359070000
Upper-middle-income countries,OWID_UMC,2017,75460750000
Upper-middle-income countries,OWID_UMC,2018,76212400000
Upper-middle-income countries,OWID_UMC,2019,75634024000
Upper-middle-income countries,OWID_UMC,2020,75356450000
Upper-middle-income countries,OWID_UMC,2021,83543130000
Uruguay,URY,1980,0
Uruguay,URY,1981,0
Uruguay,URY,1982,0
Uruguay,URY,1983,0
Uruguay,URY,1984,0
Uruguay,URY,1985,0
Uruguay,URY,1986,0
Uruguay,URY,1987,0
Uruguay,URY,1988,0
Uruguay,URY,1989,0
Uruguay,URY,1990,0
Uruguay,URY,1991,0
Uruguay,URY,1992,0
Uruguay,URY,1993,0
Uruguay,URY,1994,0
Uruguay,URY,1995,0
Uruguay,URY,1996,0
Uruguay,URY,1997,0
Uruguay,URY,1998,0
Uruguay,URY,1999,0
Uruguay,URY,2000,0
Uruguay,URY,2001,0
Uruguay,URY,2002,0
Uruguay,URY,2003,0
Uruguay,URY,2004,0
Uruguay,URY,2005,0
Uruguay,URY,2006,0
Uruguay,URY,2007,0
Uruguay,URY,2008,0
Uruguay,URY,2009,0
Uruguay,URY,2010,0
Uruguay,URY,2011,0
Uruguay,URY,2012,0
Uruguay,URY,2013,0
Uruguay,URY,2014,0
Uruguay,URY,2015,0
Uruguay,URY,2016,0
Uruguay,URY,2017,0
Uruguay,URY,2018,0
Uruguay,URY,2019,0
Uruguay,URY,2020,0
Uruguay,URY,2021,0
Uzbekistan,UZB,1997,94438456
Uzbekistan,UZB,1998,94438456
Uzbekistan,UZB,1999,94438456
Uzbekistan,UZB,2000,94438456
Uzbekistan,UZB,2001,94438456
Uzbekistan,UZB,2002,94438456
Uzbekistan,UZB,2003,94438456
Uzbekistan,UZB,2004,94438456
Uzbekistan,UZB,2005,94438456
Uzbekistan,UZB,2006,94438456
Uzbekistan,UZB,2007,94438456
Uzbekistan,UZB,2008,94438456
Uzbekistan,UZB,2009,94438456
Uzbekistan,UZB,2010,94438456
Uzbekistan,UZB,2011,94438456
Uzbekistan,UZB,2012,94438456
Uzbekistan,UZB,2013,94438456
Uzbekistan,UZB,2014,94438456
Uzbekistan,UZB,2015,94438456
Uzbekistan,UZB,2016,94438456
Uzbekistan,UZB,2017,94438456
Uzbekistan,UZB,2018,94438456
Uzbekistan,UZB,2019,94438456
Uzbekistan,UZB,2020,94438456
Uzbekistan,UZB,2021,94438456
Vanuatu,VUT,1980,0
Vanuatu,VUT,1981,0
Vanuatu,VUT,1982,0
Vanuatu,VUT,1983,0
Vanuatu,VUT,1984,0
Vanuatu,VUT,1985,0
Vanuatu,VUT,1986,0
Vanuatu,VUT,1987,0
Vanuatu,VUT,1988,0
Vanuatu,VUT,1989,0
Vanuatu,VUT,1990,0
Vanuatu,VUT,1991,0
Vanuatu,VUT,1992,0
Vanuatu,VUT,1993,0
Vanuatu,VUT,1994,0
Vanuatu,VUT,1995,0
Vanuatu,VUT,1996,0
Vanuatu,VUT,1997,0
Vanuatu,VUT,1998,0
Vanuatu,VUT,1999,0
Vanuatu,VUT,2000,0
Vanuatu,VUT,2001,0
Vanuatu,VUT,2002,0
Vanuatu,VUT,2003,0
Vanuatu,VUT,2004,0
Vanuatu,VUT,2005,0
Vanuatu,VUT,2006,0
Vanuatu,VUT,2007,0
Vanuatu,VUT,2008,0
Vanuatu,VUT,2009,0
Vanuatu,VUT,2010,0
Vanuatu,VUT,2011,0
Vanuatu,VUT,2012,0
Vanuatu,VUT,2013,0
Vanuatu,VUT,2014,0
Vanuatu,VUT,2015,0
Vanuatu,VUT,2016,0
Vanuatu,VUT,2017,0
Vanuatu,VUT,2018,0
Vanuatu,VUT,2019,0
Vanuatu,VUT,2020,0
Vanuatu,VUT,2021,0
Venezuela,VEN,1980,2841103000
Venezuela,VEN,1981,2853822200
Venezuela,VEN,1982,3227442200
Venezuela,VEN,1983,3418227000
Venezuela,VEN,1984,3950834400
Venezuela,VEN,1985,4109026600
Venezuela,VEN,1986,4068643800
Venezuela,VEN,1987,3974682600
Venezuela,VEN,1988,8950985000
Venezuela,VEN,1989,9234603000
Venezuela,VEN,1990,9301393000
Venezuela,VEN,1991,9386611000
Venezuela,VEN,1992,9396149000
Venezuela,VEN,1993,9960554000
Venezuela,VEN,1994,10068666000
Venezuela,VEN,1995,10251023000
Venezuela,VEN,1996,10251023000
Venezuela,VEN,1997,10314778000
Venezuela,VEN,1998,11394441000
Venezuela,VEN,1999,11542478000
Venezuela,VEN,2000,11542478000
Venezuela,VEN,2001,12220082000
Venezuela,VEN,2002,12350928000
Venezuela,VEN,2003,12369212000
Venezuela,VEN,2004,12369212000
Venezuela,VEN,2005,12277953000
Venezuela,VEN,2006,12675897000
Venezuela,VEN,2007,12720892000
Venezuela,VEN,2008,13837460000
Venezuela,VEN,2009,15799681000
Venezuela,VEN,2010,15799681000
Venezuela,VEN,2011,33573347000
Venezuela,VEN,2012,33573347000
Venezuela,VEN,2013,47309853000
Venezuela,VEN,2014,47336880000
Venezuela,VEN,2015,47433863000
Venezuela,VEN,2016,47688716000
Venezuela,VEN,2017,47835780000
Venezuela,VEN,2018,48053910000
Venezuela,VEN,2019,48142782000
Venezuela,VEN,2020,48142782000
Venezuela,VEN,2021,48301298000
Vietnam,VNM,1991,79493650
Vietnam,VNM,1992,79493650
Vietnam,VNM,1993,79493650
Vietnam,VNM,1994,79493650
Vietnam,VNM,1995,79493650
Vietnam,VNM,1996,79493650
Vietnam,VNM,1997,95392380
Vietnam,VNM,1998,95392380
Vietnam,VNM,1999,95392380
Vietnam,VNM,2000,95392380
Vietnam,VNM,2001,95392380
Vietnam,VNM,2002,95392380
Vietnam,VNM,2003,95392380
Vietnam,VNM,2004,95392380
Vietnam,VNM,2005,95392380
Vietnam,VNM,2006,95392380
Vietnam,VNM,2007,95392380
Vietnam,VNM,2008,95392380
Vietnam,VNM,2009,95392380
Vietnam,VNM,2010,95392380
Vietnam,VNM,2011,95392380
Vietnam,VNM,2012,699544100
Vietnam,VNM,2013,699544100
Vietnam,VNM,2014,699544100
Vietnam,VNM,2015,699544100
Vietnam,VNM,2016,699544100
Vietnam,VNM,2017,699544100
Vietnam,VNM,2018,699544100
Vietnam,VNM,2019,699544100
Vietnam,VNM,2020,699544100
Vietnam,VNM,2021,699544100
Western Sahara,ESH,1980,0
Western Sahara,ESH,1981,0
Western Sahara,ESH,1982,0
Western Sahara,ESH,1983,0
Western Sahara,ESH,1984,0
Western Sahara,ESH,1985,0
Western Sahara,ESH,1986,0
Western Sahara,ESH,1987,0
Western Sahara,ESH,1988,0
Western Sahara,ESH,1989,0
Western Sahara,ESH,1990,0
Western Sahara,ESH,1991,0
Western Sahara,ESH,1992,0
Western Sahara,ESH,1993,0
Western Sahara,ESH,1994,0
Western Sahara,ESH,1995,0
Western Sahara,ESH,1996,0
Western Sahara,ESH,1997,0
Western Sahara,ESH,1998,0
Western Sahara,ESH,1999,0
Western Sahara,ESH,2000,0
Western Sahara,ESH,2001,0
Western Sahara,ESH,2002,0
Western Sahara,ESH,2003,0
Western Sahara,ESH,2004,0
Western Sahara,ESH,2005,0
Western Sahara,ESH,2006,0
Western Sahara,ESH,2007,0
Western Sahara,ESH,2008,0
Western Sahara,ESH,2009,0
Western Sahara,ESH,2010,0
Western Sahara,ESH,2011,0
Western Sahara,ESH,2012,0
Western Sahara,ESH,2013,0
Western Sahara,ESH,2014,0
Western Sahara,ESH,2015,0
Western Sahara,ESH,2016,0
Western Sahara,ESH,2017,0
Western Sahara,ESH,2018,0
Western Sahara,ESH,2019,0
Western Sahara,ESH,2020,0
Western Sahara,ESH,2021,0
World,OWID_WRL,1980,102248630000
World,OWID_WRL,1981,103386690000
World,OWID_WRL,1982,106218045000
World,OWID_WRL,1983,105900876000
World,OWID_WRL,1984,106217440000
World,OWID_WRL,1985,111165890000
World,OWID_WRL,1986,111265370000
World,OWID_WRL,1987,111139865000
World,OWID_WRL,1988,141277770000
World,OWID_WRL,1989,144220360000
World,OWID_WRL,1990,159226040000
World,OWID_WRL,1991,158994840000
World,OWID_WRL,1992,148406290000
World,OWID_WRL,1993,149498270000
World,OWID_WRL,1994,149847560000
World,OWID_WRL,1995,150094950000
World,OWID_WRL,1996,151286800000
World,OWID_WRL,1997,162138830000
World,OWID_WRL,1998,162392130000
World,OWID_WRL,1999,164406980000
World,OWID_WRL,2000,161876930000
World,OWID_WRL,2001,163694030000
World,OWID_WRL,2002,164291360000
World,OWID_WRL,2003,193127740000
World,OWID_WRL,2004,201360400000
World,OWID_WRL,2005,203320560000
World,OWID_WRL,2006,205035040000
World,OWID_WRL,2007,209903060000
World,OWID_WRL,2008,211274730000
World,OWID_WRL,2009,212541280000
World,OWID_WRL,2010,215759500000
World,OWID_WRL,2011,234565900000
World,OWID_WRL,2012,242258940000
World,OWID_WRL,2013,261523160000
World,OWID_WRL,2014,262619710000
World,OWID_WRL,2015,263811920000
World,OWID_WRL,2016,262641800000
World,OWID_WRL,2017,261871320000
World,OWID_WRL,2018,264356230000
World,OWID_WRL,2019,263791400000
World,OWID_WRL,2020,264221920000
World,OWID_WRL,2021,263711720000
Yemen,YEM,1986,31797460
Yemen,YEM,1987,79493650
Yemen,YEM,1988,87443016
Yemen,YEM,1989,696364400
Yemen,YEM,1990,635949200
Yemen,YEM,1991,635949200
Yemen,YEM,1992,635949200
Yemen,YEM,1993,635949200
Yemen,YEM,1994,635949200
Yemen,YEM,1995,635949200
Yemen,YEM,1996,635949200
Yemen,YEM,1997,635949200
Yemen,YEM,1998,635949200
Yemen,YEM,1999,635949200
Yemen,YEM,2000,635949200
Yemen,YEM,2001,635949200
Yemen,YEM,2002,635949200
Yemen,YEM,2003,635949200
Yemen,YEM,2004,635949200
Yemen,YEM,2005,635949200
Yemen,YEM,2006,635949200
Yemen,YEM,2007,476961900
Yemen,YEM,2008,476961900
Yemen,YEM,2009,476961900
Yemen,YEM,2010,476961900
Yemen,YEM,2011,476961900
Yemen,YEM,2012,476961900
Yemen,YEM,2013,476961900
Yemen,YEM,2014,476961900
Yemen,YEM,2015,476961900
Yemen,YEM,2016,476961900
Yemen,YEM,2017,476961900
Yemen,YEM,2018,476961900
Yemen,YEM,2019,476961900
Yemen,YEM,2020,476961900
Yemen,YEM,2021,476961900
Yugoslavia,OWID_YGS,1980,43721508
Yugoslavia,OWID_YGS,1981,42131630
Yugoslavia,OWID_YGS,1991,38156950
Zambia,ZMB,1980,0
Zambia,ZMB,1981,0
Zambia,ZMB,1982,0
Zambia,ZMB,1983,0
Zambia,ZMB,1984,0
Zambia,ZMB,1985,0
Zambia,ZMB,1986,0
Zambia,ZMB,1987,0
Zambia,ZMB,1988,0
Zambia,ZMB,1989,0
Zambia,ZMB,1990,0
Zambia,ZMB,1991,0
Zambia,ZMB,1992,0
Zambia,ZMB,1993,0
Zambia,ZMB,1994,0
Zambia,ZMB,1995,0
Zambia,ZMB,1996,0
Zambia,ZMB,1997,0
Zambia,ZMB,1998,0
Zambia,ZMB,1999,0
Zambia,ZMB,2000,0
Zambia,ZMB,2001,0
Zambia,ZMB,2002,0
Zambia,ZMB,2003,0
Zambia,ZMB,2004,0
Zambia,ZMB,2005,0
Zambia,ZMB,2006,0
Zambia,ZMB,2007,0
Zambia,ZMB,2008,0
Zambia,ZMB,2009,0
Zambia,ZMB,2010,0
Zambia,ZMB,2011,0
Zambia,ZMB,2012,0
Zambia,ZMB,2013,0
Zambia,ZMB,2014,0
Zambia,ZMB,2015,0
Zambia,ZMB,2016,0
Zambia,ZMB,2017,0
Zambia,ZMB,2018,0
Zambia,ZMB,2019,0
Zambia,ZMB,2020,0
Zambia,ZMB,2021,0
Zimbabwe,ZWE,1980,0
Zimbabwe,ZWE,1981,0
Zimbabwe,ZWE,1982,0
Zimbabwe,ZWE,1983,0
Zimbabwe,ZWE,1984,0
Zimbabwe,ZWE,1985,0
Zimbabwe,ZWE,1986,0
Zimbabwe,ZWE,1987,0
Zimbabwe,ZWE,1988,0
Zimbabwe,ZWE,1989,0
Zimbabwe,ZWE,1990,0
Zimbabwe,ZWE,1991,0
Zimbabwe,ZWE,1992,0
Zimbabwe,ZWE,1993,0
Zimbabwe,ZWE,1994,0
Zimbabwe,ZWE,1995,0
Zimbabwe,ZWE,1996,0
Zimbabwe,ZWE,1997,0
Zimbabwe,ZWE,1998,0
Zimbabwe,ZWE,1999,0
Zimbabwe,ZWE,2000,0
Zimbabwe,ZWE,2001,0
Zimbabwe,ZWE,2002,0
Zimbabwe,ZWE,2003,0
Zimbabwe,ZWE,2004,0
Zimbabwe,ZWE,2005,0
Zimbabwe,ZWE,2006,0
Zimbabwe,ZWE,2007,0
Zimbabwe,ZWE,2008,0
Zimbabwe,ZWE,2009,0
Zimbabwe,ZWE,2010,0
Zimbabwe,ZWE,2011,0
Zimbabwe,ZWE,2012,0
Zimbabwe,ZWE,2013,0
Zimbabwe,ZWE,2014,0
Zimbabwe,ZWE,2015,0
Zimbabwe,ZWE,2016,0
Zimbabwe,ZWE,2017,0
Zimbabwe,ZWE,2018,0
Zimbabwe,ZWE,2019,0
Zimbabwe,ZWE,2020,0
Zimbabwe,ZWE,2021,0